z_km,uv_isothermal_exact,uv_isothermal_printed,uv_us76_external_H8.19,uv_us76_internal_H8.19
0.00,9.398470e-04,8.771930e-04,1.355068e-03,1.355068e-03
0.10,9.615906e-04,8.929978e-04,1.375906e-03,1.363134e-03
0.20,9.838372e-04,9.090875e-04,1.397111e-03,1.371266e-03
0.30,1.006599e-03,9.254670e-04,1.418692e-03,1.379465e-03
0.40,1.029886e-03,9.421416e-04,1.440656e-03,1.387731e-03
0.50,1.053713e-03,9.591167e-04,1.463011e-03,1.396066e-03
0.60,1.078091e-03,9.763976e-04,1.485763e-03,1.404469e-03
0.70,1.103033e-03,9.939899e-04,1.508923e-03,1.412943e-03
0.80,1.128552e-03,1.011899e-03,1.532496e-03,1.421486e-03
0.90,1.154661e-03,1.030131e-03,1.556493e-03,1.430101e-03
1.00,1.181374e-03,1.048691e-03,1.580922e-03,1.438788e-03
1.10,1.208706e-03,1.067586e-03,1.605791e-03,1.447548e-03
1.20,1.236669e-03,1.086822e-03,1.631109e-03,1.456382e-03
1.30,1.265280e-03,1.106403e-03,1.656886e-03,1.465289e-03
1.40,1.294553e-03,1.126338e-03,1.683130e-03,1.474272e-03
1.50,1.324502e-03,1.146632e-03,1.709852e-03,1.483331e-03
1.60,1.355145e-03,1.167291e-03,1.737062e-03,1.492466e-03
1.70,1.386497e-03,1.188323e-03,1.764769e-03,1.501679e-03
1.80,1.418574e-03,1.209734e-03,1.792983e-03,1.510970e-03
1.90,1.451393e-03,1.231530e-03,1.821716e-03,1.520341e-03
2.00,1.484971e-03,1.253719e-03,1.850978e-03,1.529792e-03
2.10,1.519326e-03,1.276308e-03,1.880780e-03,1.539324e-03
2.20,1.554476e-03,1.299304e-03,1.911133e-03,1.548937e-03
2.30,1.590439e-03,1.322714e-03,1.942048e-03,1.558634e-03
2.40,1.627234e-03,1.346546e-03,1.973539e-03,1.568414e-03
2.50,1.664881e-03,1.370808e-03,2.005616e-03,1.578279e-03
2.60,1.703398e-03,1.395507e-03,2.038291e-03,1.588229e-03
2.70,1.742807e-03,1.420650e-03,2.071579e-03,1.598266e-03
2.80,1.783127e-03,1.446247e-03,2.105491e-03,1.608390e-03
2.90,1.824380e-03,1.472305e-03,2.140041e-03,1.618603e-03
3.00,1.866587e-03,1.498832e-03,2.175242e-03,1.628905e-03
3.10,1.909771e-03,1.525837e-03,2.211109e-03,1.639298e-03
3.20,1.953954e-03,1.553329e-03,2.247655e-03,1.649782e-03
3.30,1.999159e-03,1.581316e-03,2.284895e-03,1.660359e-03
3.40,2.045410e-03,1.609807e-03,2.322844e-03,1.671029e-03
3.50,2.092731e-03,1.638812e-03,2.361517e-03,1.681794e-03
3.60,2.141147e-03,1.668340e-03,2.400930e-03,1.692654e-03
3.70,2.190683e-03,1.698399e-03,2.441099e-03,1.703612e-03
3.80,2.241365e-03,1.729000e-03,2.482040e-03,1.714667e-03
3.90,2.293220e-03,1.760152e-03,2.523770e-03,1.725821e-03
4.00,2.346274e-03,1.791866e-03,2.566307e-03,1.737075e-03
4.10,2.400555e-03,1.824151e-03,2.609667e-03,1.748430e-03
4.20,2.456093e-03,1.857018e-03,2.653869e-03,1.759888e-03
4.30,2.512915e-03,1.890476e-03,2.698931e-03,1.771449e-03
4.40,2.571052e-03,1.924538e-03,2.744873e-03,1.783115e-03
4.50,2.630534e-03,1.959214e-03,2.791713e-03,1.794887e-03
4.60,2.691392e-03,1.994514e-03,2.839472e-03,1.806766e-03
4.70,2.753658e-03,2.030450e-03,2.888170e-03,1.818754e-03
4.80,2.817364e-03,2.067034e-03,2.937828e-03,1.830852e-03
4.90,2.882544e-03,2.104277e-03,2.988467e-03,1.843060e-03
5.00,2.949233e-03,2.142190e-03,3.040109e-03,1.855381e-03
5.10,3.017464e-03,2.180787e-03,3.092777e-03,1.867816e-03
5.20,3.087274e-03,2.220080e-03,3.146493e-03,1.880365e-03
5.30,3.158698e-03,2.260080e-03,3.201282e-03,1.893031e-03
5.40,3.231776e-03,2.300801e-03,3.257167e-03,1.905815e-03
5.50,3.306544e-03,2.342256e-03,3.314174e-03,1.918718e-03
5.60,3.383041e-03,2.384458e-03,3.372327e-03,1.931741e-03
5.70,3.461309e-03,2.427420e-03,3.431653e-03,1.944886e-03
5.80,3.541387e-03,2.471156e-03,3.492179e-03,1.958155e-03
5.90,3.623318e-03,2.515680e-03,3.553931e-03,1.971549e-03
6.00,3.707144e-03,2.561006e-03,3.616939e-03,1.985069e-03
6.10,3.792909e-03,2.607149e-03,3.681231e-03,1.998717e-03
6.20,3.880659e-03,2.654124e-03,3.746836e-03,2.012495e-03
6.30,3.970439e-03,2.701945e-03,3.813786e-03,2.026404e-03
6.40,4.062296e-03,2.750627e-03,3.882111e-03,2.040445e-03
6.50,4.156278e-03,2.800187e-03,3.951842e-03,2.054621e-03
6.60,4.252435e-03,2.850639e-03,4.023014e-03,2.068932e-03
6.70,4.350816e-03,2.902000e-03,4.095659e-03,2.083382e-03
6.80,4.451473e-03,2.954287e-03,4.169812e-03,2.097970e-03
6.90,4.554459e-03,3.007516e-03,4.245508e-03,2.112700e-03
7.00,4.659827e-03,3.061704e-03,4.322784e-03,2.127572e-03
7.10,4.767633e-03,3.116869e-03,4.401677e-03,2.142589e-03
7.20,4.877934e-03,3.173027e-03,4.482226e-03,2.157752e-03
7.30,4.990786e-03,3.230197e-03,4.564469e-03,2.173064e-03
7.40,5.106249e-03,3.288397e-03,4.648447e-03,2.188525e-03
7.50,5.224383e-03,3.347646e-03,4.734201e-03,2.204138e-03
7.60,5.345250e-03,3.407962e-03,4.821775e-03,2.219906e-03
7.70,5.468914e-03,3.469366e-03,4.911210e-03,2.235828e-03
7.80,5.595438e-03,3.531875e-03,5.002553e-03,2.251909e-03
7.90,5.724890e-03,3.595511e-03,5.095850e-03,2.268149e-03
8.00,5.857337e-03,3.660293e-03,5.191147e-03,2.284551e-03
8.10,5.992847e-03,3.726242e-03,5.288493e-03,2.301117e-03
8.20,6.131493e-03,3.793380e-03,5.387938e-03,2.317848e-03
8.30,6.273347e-03,3.861727e-03,5.489533e-03,2.334748e-03
8.40,6.418482e-03,3.931306e-03,5.593331e-03,2.351818e-03
8.50,6.566975e-03,4.002139e-03,5.699386e-03,2.369060e-03
8.60,6.718904e-03,4.074247e-03,5.807753e-03,2.386477e-03
8.70,6.874347e-03,4.147655e-03,5.918490e-03,2.404070e-03
8.80,7.033387e-03,4.222386e-03,6.031654e-03,2.421843e-03
8.90,7.196106e-03,4.298463e-03,6.147307e-03,2.439797e-03
9.00,7.362589e-03,4.375910e-03,6.265510e-03,2.457935e-03
9.10,7.532924e-03,4.454754e-03,6.386327e-03,2.476259e-03
9.20,7.707200e-03,4.535017e-03,6.509822e-03,2.494772e-03
9.30,7.885508e-03,4.616727e-03,6.636065e-03,2.513476e-03
9.40,8.067941e-03,4.699909e-03,6.765122e-03,2.532374e-03
9.50,8.254595e-03,4.784590e-03,6.897067e-03,2.551468e-03
9.60,8.445567e-03,4.870796e-03,7.031971e-03,2.570761e-03
9.70,8.640957e-03,4.958556e-03,7.169909e-03,2.590256e-03
9.80,8.840867e-03,5.047897e-03,7.310960e-03,2.609955e-03
9.90,9.045403e-03,5.138848e-03,7.455202e-03,2.629860e-03
10.00,9.254670e-03,5.231437e-03,7.602718e-03,2.649976e-03
10.10,9.468779e-03,5.325695e-03,7.753590e-03,2.670304e-03
10.20,9.687841e-03,5.421651e-03,7.907907e-03,2.690847e-03
10.30,9.911972e-03,5.519335e-03,8.065756e-03,2.711609e-03
10.40,1.014129e-02,5.618780e-03,8.227229e-03,2.732593e-03
10.50,1.037591e-02,5.720017e-03,8.392421e-03,2.753800e-03
10.60,1.061596e-02,5.823077e-03,8.561428e-03,2.775235e-03
10.70,1.086156e-02,5.927995e-03,8.734349e-03,2.796901e-03
10.80,1.111284e-02,6.034803e-03,8.911289e-03,2.818800e-03
10.90,1.136994e-02,6.143535e-03,9.092352e-03,2.840936e-03
11.00,1.163299e-02,6.254226e-03,9.277647e-03,2.863312e-03
11.10,1.190212e-02,6.366912e-03,9.466998e-03,2.885898e-03
11.20,1.217748e-02,6.481628e-03,9.660208e-03,2.908662e-03
11.30,1.245921e-02,6.598411e-03,9.857355e-03,2.931604e-03
11.40,1.274745e-02,6.717298e-03,1.005852e-02,2.954726e-03
11.50,1.304237e-02,6.838327e-03,1.026378e-02,2.978030e-03
11.60,1.334411e-02,6.961537e-03,1.047323e-02,3.001517e-03
11.70,1.365283e-02,7.086967e-03,1.068694e-02,3.025189e-03
11.80,1.396869e-02,7.214657e-03,1.090500e-02,3.049047e-03
11.90,1.429186e-02,7.344647e-03,1.112751e-02,3.073092e-03
12.00,1.462250e-02,7.476979e-03,1.135455e-02,3.097325e-03
12.10,1.496080e-02,7.611696e-03,1.158622e-02,3.121749e-03
12.20,1.530692e-02,7.748840e-03,1.182260e-02,3.146365e-03
12.30,1.566105e-02,7.888455e-03,1.206380e-02,3.171175e-03
12.40,1.602337e-02,8.030586e-03,1.230992e-02,3.196179e-03
12.50,1.639407e-02,8.175277e-03,1.256105e-02,3.221379e-03
12.60,1.677335e-02,8.322575e-03,1.281729e-02,3.246777e-03
12.70,1.716141e-02,8.472528e-03,1.307875e-02,3.272375e-03
12.80,1.755844e-02,8.625182e-03,1.334553e-02,3.298174e-03
12.90,1.796466e-02,8.780586e-03,1.361775e-02,3.324175e-03
13.00,1.838028e-02,8.938791e-03,1.389552e-02,3.350381e-03
13.10,1.880551e-02,9.099846e-03,1.417893e-02,3.376792e-03
13.20,1.924058e-02,9.263802e-03,1.446813e-02,3.403411e-03
13.30,1.968571e-02,9.430713e-03,1.476321e-02,3.430238e-03
13.40,2.014115e-02,9.600632e-03,1.506429e-02,3.457277e-03
13.50,2.060712e-02,9.773611e-03,1.537151e-02,3.484527e-03
13.60,2.108387e-02,9.949708e-03,1.568499e-02,3.511991e-03
13.70,2.157165e-02,1.012898e-02,1.600485e-02,3.539671e-03
13.80,2.207071e-02,1.031148e-02,1.633122e-02,3.567569e-03
13.90,2.258132e-02,1.049726e-02,1.666423e-02,3.595685e-03
14.00,2.310375e-02,1.068640e-02,1.700403e-02,3.624022e-03
14.10,2.363826e-02,1.087894e-02,1.735074e-02,3.652581e-03
14.20,2.418514e-02,1.107495e-02,1.770451e-02,3.681365e-03
14.30,2.474466e-02,1.127450e-02,1.806548e-02,3.710374e-03
14.40,2.531714e-02,1.147763e-02,1.843380e-02,3.739612e-03
14.50,2.590286e-02,1.168443e-02,1.880962e-02,3.769078e-03
14.60,2.650212e-02,1.189496e-02,1.919309e-02,3.798776e-03
14.70,2.711526e-02,1.210928e-02,1.958436e-02,3.828707e-03
14.80,2.774257e-02,1.232745e-02,1.998360e-02,3.858873e-03
14.90,2.838440e-02,1.254957e-02,2.039096e-02,3.889275e-03
15.00,2.904108e-02,1.277568e-02,2.080661e-02,3.919916e-03
15.10,2.971296e-02,1.300586e-02,2.123072e-02,3.950798e-03
15.20,3.040037e-02,1.324020e-02,2.166347e-02,3.981921e-03
15.30,3.110369e-02,1.347875e-02,2.210502e-02,4.013289e-03
15.40,3.182328e-02,1.372161e-02,2.255555e-02,4.044903e-03
15.50,3.255952e-02,1.396884e-02,2.301526e-02,4.076766e-03
15.60,3.331279e-02,1.422052e-02,2.348431e-02,4.108878e-03
15.70,3.408349e-02,1.447674e-02,2.396292e-02,4.141242e-03
15.80,3.487202e-02,1.473757e-02,2.445126e-02,4.173860e-03
15.90,3.567879e-02,1.500311e-02,2.494953e-02,4.206733e-03
16.00,3.650423e-02,1.527343e-02,2.545795e-02,4.239865e-03
16.10,3.734876e-02,1.554862e-02,2.597671e-02,4.273257e-03
16.20,3.821284e-02,1.582877e-02,2.650602e-02,4.306910e-03
16.30,3.909690e-02,1.611396e-02,2.704610e-02,4.340827e-03
16.40,4.000142e-02,1.640429e-02,2.759717e-02,4.375011e-03
16.50,4.092686e-02,1.669986e-02,2.815945e-02,4.409462e-03
16.60,4.187371e-02,1.700075e-02,2.873316e-02,4.444184e-03
16.70,4.284247e-02,1.730706e-02,2.931855e-02,4.479178e-03
16.80,4.383364e-02,1.761889e-02,2.991584e-02,4.514447e-03
16.90,4.484774e-02,1.793634e-02,3.052529e-02,4.549992e-03
17.00,4.588530e-02,1.825951e-02,3.114713e-02,4.585816e-03
17.10,4.694687e-02,1.858850e-02,3.178161e-02,4.621920e-03
17.20,4.803299e-02,1.892342e-02,3.242900e-02,4.658308e-03
17.30,4.914425e-02,1.926437e-02,3.308956e-02,4.694981e-03
17.40,5.028121e-02,1.961147e-02,3.376355e-02,4.731942e-03
17.50,5.144448e-02,1.996482e-02,3.445125e-02,4.769193e-03
17.60,5.263466e-02,2.032454e-02,3.515293e-02,4.806735e-03
17.70,5.385237e-02,2.069074e-02,3.586888e-02,4.844572e-03
17.80,5.509826e-02,2.106353e-02,3.659939e-02,4.882706e-03
17.90,5.637297e-02,2.144304e-02,3.734475e-02,4.921138e-03
18.00,5.767717e-02,2.182939e-02,3.810527e-02,4.959872e-03
18.10,5.901155e-02,2.222271e-02,3.888126e-02,4.998909e-03
18.20,6.037679e-02,2.262311e-02,3.967302e-02,5.038253e-03
18.30,6.177362e-02,2.303072e-02,4.048087e-02,5.077905e-03
18.40,6.320277e-02,2.344567e-02,4.130515e-02,5.117867e-03
18.50,6.466498e-02,2.386811e-02,4.214619e-02,5.158143e-03
18.60,6.616102e-02,2.429815e-02,4.300433e-02,5.198735e-03
18.70,6.769167e-02,2.473595e-02,4.387991e-02,5.239644e-03
18.80,6.925773e-02,2.518163e-02,4.477329e-02,5.280875e-03
18.90,7.086002e-02,2.563534e-02,4.568483e-02,5.322428e-03
19.00,7.249939e-02,2.609722e-02,4.661490e-02,5.364307e-03
19.10,7.417668e-02,2.656743e-02,4.756387e-02,5.406515e-03
19.20,7.589277e-02,2.704611e-02,4.853213e-02,5.449053e-03
19.30,7.764857e-02,2.753341e-02,4.952007e-02,5.491924e-03
19.40,7.944498e-02,2.802950e-02,5.052809e-02,5.535131e-03
19.50,8.128296e-02,2.853452e-02,5.155660e-02,5.578677e-03
19.60,8.316346e-02,2.904864e-02,5.260600e-02,5.622564e-03
19.70,8.508747e-02,2.957203e-02,5.367674e-02,5.666795e-03
19.80,8.705599e-02,3.010484e-02,5.476923e-02,5.711373e-03
19.90,8.907005e-02,3.064726e-02,5.588393e-02,5.756300e-03
20.00,9.113070e-02,3.119945e-02,5.702127e-02,5.801578e-03
20.10,9.323903e-02,3.176158e-02,5.818146e-02,5.847201e-03
20.20,9.539614e-02,3.233385e-02,5.936466e-02,5.893160e-03
20.30,9.760315e-02,3.291642e-02,6.057132e-02,5.939457e-03
20.40,9.986122e-02,3.350950e-02,6.180190e-02,5.986095e-03
20.50,1.021715e-01,3.411326e-02,6.305685e-02,6.033076e-03
20.60,1.045353e-01,3.472789e-02,6.433665e-02,6.080402e-03
20.70,1.069537e-01,3.535360e-02,6.564178e-02,6.128076e-03
20.80,1.094281e-01,3.599059e-02,6.697273e-02,6.176101e-03
20.90,1.119598e-01,3.663905e-02,6.832998e-02,6.224477e-03
21.00,1.145500e-01,3.729919e-02,6.971406e-02,6.273209e-03
21.10,1.172001e-01,3.797123e-02,7.112547e-02,6.322297e-03
21.20,1.199116e-01,3.865538e-02,7.256474e-02,6.371746e-03
21.30,1.226858e-01,3.935186e-02,7.403241e-02,6.421557e-03
21.40,1.255241e-01,4.006088e-02,7.552902e-02,6.471732e-03
21.50,1.284282e-01,4.078268e-02,7.705513e-02,6.522275e-03
21.60,1.313994e-01,4.151748e-02,7.861131e-02,6.573187e-03
21.70,1.344393e-01,4.226552e-02,8.019813e-02,6.624472e-03
21.80,1.375496e-01,4.302705e-02,8.181619e-02,6.676131e-03
21.90,1.407319e-01,4.380229e-02,8.346607e-02,6.728168e-03
22.00,1.439877e-01,4.459150e-02,8.514839e-02,6.780584e-03
22.10,1.473189e-01,4.539492e-02,8.686378e-02,6.833383e-03
22.20,1.507272e-01,4.621283e-02,8.861286e-02,6.886567e-03
22.30,1.542143e-01,4.704547e-02,9.039628e-02,6.940138e-03
22.40,1.577821e-01,4.789311e-02,9.221469e-02,6.994100e-03
22.50,1.614324e-01,4.875603e-02,9.406877e-02,7.048455e-03
22.60,1.651672e-01,4.963449e-02,9.595920e-02,7.103206e-03
22.70,1.689883e-01,5.052878e-02,9.788667e-02,7.158354e-03
22.80,1.728979e-01,5.143919e-02,9.985189e-02,7.213904e-03
22.90,1.768980e-01,5.236600e-02,1.018556e-01,7.269858e-03
23.00,1.809905e-01,5.330950e-02,1.038985e-01,7.326217e-03
23.10,1.851778e-01,5.427001e-02,1.059813e-01,7.382987e-03
23.20,1.894619e-01,5.524782e-02,1.081049e-01,7.440168e-03
23.30,1.938452e-01,5.624325e-02,1.102699e-01,7.497763e-03
23.40,1.983298e-01,5.725661e-02,1.124772e-01,7.555777e-03
23.50,2.029182e-01,5.828824e-02,1.147276e-01,7.614210e-03
23.60,2.076128e-01,5.933845e-02,1.170219e-01,7.673067e-03
23.70,2.124159e-01,6.040758e-02,1.193609e-01,7.732350e-03
23.80,2.173302e-01,6.149598e-02,1.217455e-01,7.792062e-03
23.90,2.223582e-01,6.260398e-02,1.241766e-01,7.852206e-03
24.00,2.275025e-01,6.373195e-02,1.266550e-01,7.912785e-03
24.10,2.327658e-01,6.488024e-02,1.291816e-01,7.973801e-03
24.20,2.381509e-01,6.604923e-02,1.317573e-01,8.035257e-03
24.30,2.436606e-01,6.723927e-02,1.343832e-01,8.097158e-03
24.40,2.492978e-01,6.845076e-02,1.370600e-01,8.159505e-03
24.50,2.550653e-01,6.968407e-02,1.397889e-01,8.222301e-03
24.60,2.609663e-01,7.093960e-02,1.425707e-01,8.285550e-03
24.70,2.670038e-01,7.221776e-02,1.454065e-01,8.349255e-03
24.80,2.731810e-01,7.351895e-02,1.482973e-01,8.413418e-03
24.90,2.795011e-01,7.484358e-02,1.512441e-01,8.478043e-03
25.00,2.859674e-01,7.619207e-02,1.542480e-01,8.543133e-03
25.10,2.925834e-01,7.756487e-02,1.573101e-01,8.608691e-03
25.20,2.993524e-01,7.896240e-02,1.604314e-01,8.674720e-03
25.30,3.062779e-01,8.038510e-02,1.636132e-01,8.741224e-03
25.40,3.133637e-01,8.183345e-02,1.668564e-01,8.808204e-03
25.50,3.206135e-01,8.330788e-02,1.701623e-01,8.875666e-03
25.60,3.280310e-01,8.480888e-02,1.735321e-01,8.943611e-03
25.70,3.356200e-01,8.633693e-02,1.769670e-01,9.012043e-03
25.80,3.433847e-01,8.789251e-02,1.804681e-01,9.080966e-03
25.90,3.513289e-01,8.947612e-02,1.840368e-01,9.150382e-03
26.00,3.594570e-01,9.108826e-02,1.876743e-01,9.220295e-03
26.10,3.677731e-01,9.272944e-02,1.913819e-01,9.290708e-03
26.20,3.762817e-01,9.440020e-02,1.951609e-01,9.361625e-03
26.30,3.849870e-01,9.610106e-02,1.990126e-01,9.433048e-03
26.40,3.938938e-01,9.783256e-02,2.029385e-01,9.504982e-03
26.50,4.030066e-01,9.959526e-02,2.069399e-01,9.577430e-03
26.60,4.123303e-01,1.013897e-01,2.110181e-01,9.650395e-03
26.70,4.218696e-01,1.032165e-01,2.151748e-01,9.723880e-03
26.80,4.316297e-01,1.050762e-01,2.194113e-01,9.797889e-03
26.90,4.416155e-01,1.069694e-01,2.237291e-01,9.872425e-03
27.00,4.518324e-01,1.088968e-01,2.281297e-01,9.947493e-03
27.10,4.622856e-01,1.108588e-01,2.326147e-01,1.002309e-02
27.20,4.729807e-01,1.128562e-01,2.371857e-01,1.009923e-02
27.30,4.839232e-01,1.148896e-01,2.418443e-01,1.017592e-02
27.40,4.951189e-01,1.169596e-01,2.465921e-01,1.025314e-02
27.50,5.065736e-01,1.190670e-01,2.514307e-01,1.033092e-02
27.60,5.182933e-01,1.212123e-01,2.563620e-01,1.040925e-02
27.70,5.302841e-01,1.233962e-01,2.613875e-01,1.048813e-02
27.80,5.425524e-01,1.256195e-01,2.665090e-01,1.056757e-02
27.90,5.551044e-01,1.278828e-01,2.717284e-01,1.064758e-02
28.00,5.679469e-01,1.301870e-01,2.770475e-01,1.072816e-02
28.10,5.810865e-01,1.325326e-01,2.824680e-01,1.080930e-02
28.20,5.945300e-01,1.349205e-01,2.879920e-01,1.089102e-02
28.30,6.082846e-01,1.373515e-01,2.936213e-01,1.097332e-02
28.40,6.223574e-01,1.398262e-01,2.993578e-01,1.105620e-02
28.50,6.367558e-01,1.423455e-01,3.052037e-01,1.113967e-02
28.60,6.514873e-01,1.449103e-01,3.111608e-01,1.122373e-02
28.70,6.665596e-01,1.475212e-01,3.172313e-01,1.130838e-02
28.80,6.819806e-01,1.501791e-01,3.234172e-01,1.139362e-02
28.90,6.977584e-01,1.528850e-01,3.297208e-01,1.147948e-02
29.00,7.139012e-01,1.556396e-01,3.361441e-01,1.156593e-02
29.10,7.304175e-01,1.584439e-01,3.426894e-01,1.165300e-02
29.20,7.473158e-01,1.612986e-01,3.493590e-01,1.174068e-02
29.30,7.646052e-01,1.642048e-01,3.561551e-01,1.182897e-02
29.40,7.822945e-01,1.671634e-01,3.630801e-01,1.191789e-02
29.50,8.003930e-01,1.701753e-01,3.701364e-01,1.200744e-02
29.60,8.189103e-01,1.732414e-01,3.773264e-01,1.209761e-02
29.70,8.378560e-01,1.763628e-01,3.846526e-01,1.218842e-02
29.80,8.572400e-01,1.795404e-01,3.921174e-01,1.227987e-02
29.90,8.770724e-01,1.827753e-01,3.997235e-01,1.237196e-02
30.00,8.973637e-01,1.860684e-01,4.074734e-01,1.246469e-02
30.10,9.181244e-01,1.894209e-01,4.153698e-01,1.255808e-02
30.20,9.393654e-01,1.928338e-01,4.234154e-01,1.265212e-02
30.30,9.610978e-01,1.963082e-01,4.316129e-01,1.274682e-02
30.40,9.833330e-01,1.998452e-01,4.399652e-01,1.284219e-02
30.50,1.006083e+00,2.034459e-01,4.484750e-01,1.293822e-02
30.60,1.029359e+00,2.071115e-01,4.571453e-01,1.303492e-02
30.70,1.053173e+00,2.108432e-01,4.659790e-01,1.313230e-02
30.80,1.077538e+00,2.146420e-01,4.749791e-01,1.323037e-02
30.90,1.102468e+00,2.185094e-01,4.841487e-01,1.332912e-02
31.00,1.127973e+00,2.224464e-01,4.934909e-01,1.342855e-02
31.10,1.154069e+00,2.264543e-01,5.030088e-01,1.352869e-02
31.20,1.180769e+00,2.305345e-01,5.127056e-01,1.362952e-02
31.30,1.208086e+00,2.346881e-01,5.225848e-01,1.373105e-02
31.40,1.236036e+00,2.389166e-01,5.326495e-01,1.383330e-02
31.50,1.264632e+00,2.432213e-01,5.429032e-01,1.393625e-02
31.60,1.293889e+00,2.476036e-01,5.533493e-01,1.403993e-02
31.70,1.323824e+00,2.520648e-01,5.639913e-01,1.414432e-02
31.80,1.354451e+00,2.566063e-01,5.748329e-01,1.424945e-02
31.90,1.385786e+00,2.612298e-01,5.858777e-01,1.435530e-02
32.00,1.417847e+00,2.659365e-01,5.971294e-01,1.446189e-02
32.10,1.450649e+00,2.707280e-01,6.085871e-01,1.456918e-02
32.20,1.484210e+00,2.756058e-01,6.202500e-01,1.467713e-02
32.30,1.518547e+00,2.805716e-01,6.321213e-01,1.478574e-02
32.40,1.553679e+00,2.856268e-01,6.442046e-01,1.489502e-02
32.50,1.589624e+00,2.907731e-01,6.565033e-01,1.500497e-02
32.60,1.626400e+00,2.960121e-01,6.690210e-01,1.511559e-02
32.70,1.664028e+00,3.013455e-01,6.817614e-01,1.522689e-02
32.80,1.702525e+00,3.067750e-01,6.947280e-01,1.533886e-02
32.90,1.741913e+00,3.123023e-01,7.079247e-01,1.545152e-02
33.00,1.782213e+00,3.179293e-01,7.213552e-01,1.556487e-02
33.10,1.823445e+00,3.236576e-01,7.350234e-01,1.567890e-02
33.20,1.865631e+00,3.294891e-01,7.489332e-01,1.579363e-02
33.30,1.908793e+00,3.354256e-01,7.630884e-01,1.590905e-02
33.40,1.952953e+00,3.414692e-01,7.774933e-01,1.602517e-02
33.50,1.998135e+00,3.476216e-01,7.921517e-01,1.614200e-02
33.60,2.044362e+00,3.538849e-01,8.070680e-01,1.625953e-02
33.70,2.091659e+00,3.602610e-01,8.222462e-01,1.637777e-02
33.80,2.140050e+00,3.667521e-01,8.376907e-01,1.649672e-02
33.90,2.189561e+00,3.733600e-01,8.534057e-01,1.661639e-02
34.00,2.240217e+00,3.800871e-01,8.693958e-01,1.673678e-02
34.10,2.292044e+00,3.869353e-01,8.856653e-01,1.685789e-02
34.20,2.345071e+00,3.939069e-01,9.022187e-01,1.697973e-02
34.30,2.399325e+00,4.010041e-01,9.190608e-01,1.710230e-02
34.40,2.454834e+00,4.082292e-01,9.361961e-01,1.722560e-02
34.50,2.511627e+00,4.155845e-01,9.536293e-01,1.734964e-02
34.60,2.569734e+00,4.230723e-01,9.713654e-01,1.747442e-02
34.70,2.629186e+00,4.306951e-01,9.894091e-01,1.759995e-02
34.80,2.690012e+00,4.384551e-01,1.007765e+00,1.772622e-02
34.90,2.752247e+00,4.463550e-01,1.026439e+00,1.785324e-02
35.00,2.815920e+00,4.543972e-01,1.045436e+00,1.798101e-02
35.10,2.881067e+00,4.625843e-01,1.064761e+00,1.810955e-02
35.20,2.947721e+00,4.709190e-01,1.084419e+00,1.823884e-02
35.30,3.015918e+00,4.794038e-01,1.104415e+00,1.836890e-02
35.40,3.085692e+00,4.880414e-01,1.124755e+00,1.849973e-02
35.50,3.157080e+00,4.968347e-01,1.145445e+00,1.863134e-02
35.60,3.230120e+00,5.057865e-01,1.166489e+00,1.876371e-02
35.70,3.304849e+00,5.148995e-01,1.187895e+00,1.889687e-02
35.80,3.381308e+00,5.241767e-01,1.209666e+00,1.903081e-02
35.90,3.459535e+00,5.336211e-01,1.231810e+00,1.916554e-02
36.00,3.539572e+00,5.432356e-01,1.254332e+00,1.930106e-02
36.10,3.621461e+00,5.530234e-01,1.277238e+00,1.943737e-02
36.20,3.705244e+00,5.629875e-01,1.300534e+00,1.957448e-02
36.30,3.790966e+00,5.731312e-01,1.324226e+00,1.971239e-02
36.40,3.878671e+00,5.834576e-01,1.348321e+00,1.985111e-02
36.50,3.968405e+00,5.939700e-01,1.372824e+00,1.999063e-02
36.60,4.060214e+00,6.046719e-01,1.397743e+00,2.013097e-02
36.70,4.154148e+00,6.155666e-01,1.423084e+00,2.027212e-02
36.80,4.250256e+00,6.266576e-01,1.448854e+00,2.041410e-02
36.90,4.348586e+00,6.379484e-01,1.475058e+00,2.055690e-02
37.00,4.449192e+00,6.494427e-01,1.501705e+00,2.070053e-02
37.10,4.552125e+00,6.611440e-01,1.528800e+00,2.084498e-02
37.20,4.657439e+00,6.730562e-01,1.556352e+00,2.099028e-02
37.30,4.765190e+00,6.851830e-01,1.584367e+00,2.113641e-02
37.40,4.875434e+00,6.975284e-01,1.612851e+00,2.128339e-02
37.50,4.988228e+00,7.100961e-01,1.641814e+00,2.143121e-02
37.60,5.103632e+00,7.228903e-01,1.671262e+00,2.157988e-02
37.70,5.221706e+00,7.359150e-01,1.701202e+00,2.172941e-02
37.80,5.342511e+00,7.491744e-01,1.731642e+00,2.187980e-02
37.90,5.466111e+00,7.626726e-01,1.762590e+00,2.203105e-02
38.00,5.592571e+00,7.764141e-01,1.794055e+00,2.218316e-02
38.10,5.721956e+00,7.904032e-01,1.826043e+00,2.233615e-02
38.20,5.854335e+00,8.046443e-01,1.858563e+00,2.249001e-02
38.30,5.989776e+00,8.191420e-01,1.891623e+00,2.264475e-02
38.40,6.128351e+00,8.339009e-01,1.925231e+00,2.280037e-02
38.50,6.270132e+00,8.489258e-01,1.959397e+00,2.295687e-02
38.60,6.415193e+00,8.642213e-01,1.994128e+00,2.311427e-02
38.70,6.563610e+00,8.797924e-01,2.029433e+00,2.327256e-02
38.80,6.715461e+00,8.956441e-01,2.065321e+00,2.343175e-02
38.90,6.870824e+00,9.117814e-01,2.101800e+00,2.359184e-02
39.00,7.029782e+00,9.282095e-01,2.138881e+00,2.375284e-02
39.10,7.192418e+00,9.449335e-01,2.176572e+00,2.391475e-02
39.20,7.358816e+00,9.619589e-01,2.214882e+00,2.407757e-02
39.30,7.529064e+00,9.792910e-01,2.253821e+00,2.424131e-02
39.40,7.703251e+00,9.969354e-01,2.293399e+00,2.440597e-02
39.50,7.881467e+00,1.014898e+00,2.333624e+00,2.457156e-02
39.60,8.063807e+00,1.033184e+00,2.374508e+00,2.473808e-02
39.70,8.250365e+00,1.051799e+00,2.416059e+00,2.490553e-02
39.80,8.441239e+00,1.070750e+00,2.458289e+00,2.507393e-02
39.90,8.636529e+00,1.090042e+00,2.501207e+00,2.524327e-02
40.00,8.836337e+00,1.109682e+00,2.544823e+00,2.541355e-02
40.10,9.040767e+00,1.129676e+00,2.589149e+00,2.558479e-02
40.20,9.249928e+00,1.150030e+00,2.634195e+00,2.575698e-02
40.30,9.463927e+00,1.170751e+00,2.679972e+00,2.593013e-02
40.40,9.682877e+00,1.191845e+00,2.726491e+00,2.610425e-02
40.50,9.906892e+00,1.213319e+00,2.773763e+00,2.627933e-02
40.60,1.013609e+01,1.235180e+00,2.821799e+00,2.645539e-02
40.70,1.037059e+01,1.257435e+00,2.870610e+00,2.663242e-02
40.80,1.061052e+01,1.280090e+00,2.920210e+00,2.681044e-02
40.90,1.085599e+01,1.303155e+00,2.970608e+00,2.698944e-02
41.00,1.110715e+01,1.326634e+00,3.021817e+00,2.716943e-02
41.10,1.136412e+01,1.350537e+00,3.073850e+00,2.735042e-02
41.20,1.162703e+01,1.374870e+00,3.126718e+00,2.753240e-02
41.30,1.189602e+01,1.399642e+00,3.180434e+00,2.771539e-02
41.40,1.217124e+01,1.424860e+00,3.235011e+00,2.789938e-02
41.50,1.245282e+01,1.450533e+00,3.290461e+00,2.808439e-02
41.60,1.274092e+01,1.476668e+00,3.346798e+00,2.827041e-02
41.70,1.303569e+01,1.503273e+00,3.404033e+00,2.845746e-02
41.80,1.333727e+01,1.530359e+00,3.462182e+00,2.864552e-02
41.90,1.364583e+01,1.557932e+00,3.521257e+00,2.883462e-02
42.00,1.396153e+01,1.586002e+00,3.581272e+00,2.902475e-02
42.10,1.428453e+01,1.614578e+00,3.642240e+00,2.921592e-02
42.20,1.461501e+01,1.643669e+00,3.704177e+00,2.940813e-02
42.30,1.495313e+01,1.673284e+00,3.767096e+00,2.960139e-02
42.40,1.529907e+01,1.703432e+00,3.831011e+00,2.979571e-02
42.50,1.565302e+01,1.734124e+00,3.895937e+00,2.999107e-02
42.60,1.601516e+01,1.765368e+00,3.961890e+00,3.018750e-02
42.70,1.638567e+01,1.797176e+00,4.028883e+00,3.038500e-02
42.80,1.676476e+01,1.829557e+00,4.096933e+00,3.058356e-02
42.90,1.715262e+01,1.862521e+00,4.166055e+00,3.078320e-02
43.00,1.754944e+01,1.896079e+00,4.236264e+00,3.098392e-02
43.10,1.795546e+01,1.930241e+00,4.307577e+00,3.118572e-02
43.20,1.837086e+01,1.965020e+00,4.380009e+00,3.138861e-02
43.30,1.879587e+01,2.000424e+00,4.453577e+00,3.159259e-02
43.40,1.923072e+01,2.036467e+00,4.528296e+00,3.179767e-02
43.50,1.967563e+01,2.073159e+00,4.604185e+00,3.200386e-02
43.60,2.013083e+01,2.110512e+00,4.681260e+00,3.221115e-02
43.70,2.059656e+01,2.148539e+00,4.759538e+00,3.241955e-02
43.80,2.107306e+01,2.187250e+00,4.839036e+00,3.262907e-02
43.90,2.156059e+01,2.226659e+00,4.919772e+00,3.283971e-02
44.00,2.205940e+01,2.266778e+00,5.001765e+00,3.305148e-02
44.10,2.256975e+01,2.307619e+00,5.085032e+00,3.326437e-02
44.20,2.309191e+01,2.349197e+00,5.169591e+00,3.347841e-02
44.30,2.362615e+01,2.391524e+00,5.255461e+00,3.369358e-02
44.40,2.417274e+01,2.434613e+00,5.342661e+00,3.390990e-02
44.50,2.473198e+01,2.478479e+00,5.431211e+00,3.412736e-02
44.60,2.530416e+01,2.523135e+00,5.521129e+00,3.434599e-02
44.70,2.588958e+01,2.568596e+00,5.612435e+00,3.456577e-02
44.80,2.648854e+01,2.614875e+00,5.705149e+00,3.478671e-02
44.90,2.710136e+01,2.661989e+00,5.799291e+00,3.500883e-02
45.00,2.772836e+01,2.709952e+00,5.894881e+00,3.523212e-02
45.10,2.836986e+01,2.758778e+00,5.991941e+00,3.545659e-02
45.20,2.902620e+01,2.808485e+00,6.090490e+00,3.568224e-02
45.30,2.969773e+01,2.859087e+00,6.190551e+00,3.590908e-02
45.40,3.038479e+01,2.910600e+00,6.292145e+00,3.613712e-02
45.50,3.108775e+01,2.963042e+00,6.395293e+00,3.636635e-02
45.60,3.180697e+01,3.016429e+00,6.500018e+00,3.659679e-02
45.70,3.254284e+01,3.070777e+00,6.606342e+00,3.682844e-02
45.80,3.329572e+01,3.126105e+00,6.714287e+00,3.706130e-02
45.90,3.406603e+01,3.182430e+00,6.823877e+00,3.729538e-02
46.00,3.485415e+01,3.239769e+00,6.935135e+00,3.753069e-02
46.10,3.566051e+01,3.298142e+00,7.048084e+00,3.776722e-02
46.20,3.648552e+01,3.357567e+00,7.162749e+00,3.800499e-02
46.30,3.732963e+01,3.418062e+00,7.279152e+00,3.824399e-02
46.40,3.819325e+01,3.479647e+00,7.397320e+00,3.848424e-02
46.50,3.907686e+01,3.542341e+00,7.517276e+00,3.872574e-02
46.60,3.998092e+01,3.606166e+00,7.639045e+00,3.896850e-02
46.70,4.090588e+01,3.671140e+00,7.762654e+00,3.921251e-02
46.80,4.185225e+01,3.737285e+00,7.888127e+00,3.945779e-02
46.90,4.282051e+01,3.804621e+00,8.015492e+00,3.970434e-02
47.00,4.381117e+01,3.873171e+00,8.144774e+00,3.995217e-02
47.10,4.482476e+01,3.942956e+00,8.276068e+00,4.020140e-02
47.20,4.586179e+01,4.013999e+00,8.409475e+00,4.045218e-02
47.30,4.692281e+01,4.086321e+00,8.545028e+00,4.070452e-02
47.40,4.800838e+01,4.159946e+00,8.682761e+00,4.095842e-02
47.50,4.911906e+01,4.234898e+00,8.822710e+00,4.121390e-02
47.60,5.025544e+01,4.311201e+00,8.964911e+00,4.147096e-02
47.70,5.141812e+01,4.388878e+00,9.109398e+00,4.172962e-02
47.80,5.260769e+01,4.467955e+00,9.256210e+00,4.198989e-02
47.90,5.382478e+01,4.548456e+00,9.405383e+00,4.225177e-02
48.00,5.507002e+01,4.630408e+00,9.556956e+00,4.251527e-02
48.10,5.634408e+01,4.713837e+00,9.710966e+00,4.278041e-02
48.20,5.764762e+01,4.798768e+00,9.867454e+00,4.304720e-02
48.30,5.898131e+01,4.885230e+00,1.002646e+01,4.331564e-02
48.40,6.034585e+01,4.973250e+00,1.018802e+01,4.358575e-02
48.50,6.174197e+01,5.062856e+00,1.035218e+01,4.385753e-02
48.60,6.317038e+01,5.154076e+00,1.051898e+01,4.413100e-02
48.70,6.463184e+01,5.246940e+00,1.068846e+01,4.440616e-02
48.80,6.612711e+01,5.341477e+00,1.086067e+01,4.468303e-02
48.90,6.765698e+01,5.437717e+00,1.103564e+01,4.496162e-02
49.00,6.922224e+01,5.535691e+00,1.121343e+01,4.524194e-02
49.10,7.082371e+01,5.635431e+00,1.139408e+01,4.552400e-02
49.20,7.246223e+01,5.736967e+00,1.157763e+01,4.580780e-02
49.30,7.413866e+01,5.840333e+00,1.176413e+01,4.609337e-02
49.40,7.585388e+01,5.945562e+00,1.195363e+01,4.638071e-02
49.50,7.760878e+01,6.052686e+00,1.214618e+01,4.666983e-02
49.60,7.940427e+01,6.161741e+00,1.234183e+01,4.696074e-02
49.70,8.124131e+01,6.272760e+00,1.254061e+01,4.725346e-02
49.80,8.312084e+01,6.385780e+00,1.274260e+01,4.754799e-02
49.90,8.504386e+01,6.500836e+00,1.294783e+01,4.784435e-02
50.00,8.701137e+01,6.617965e+00,1.315636e+01,4.814254e-02
50.10,8.902440e+01,6.737204e+00,1.336824e+01,4.844259e-02
50.20,9.108400e+01,6.858592e+00,1.358353e+01,4.874450e-02
50.30,9.319125e+01,6.982167e+00,1.380227e+01,4.904827e-02
50.40,9.534725e+01,7.107968e+00,1.402454e+01,4.935394e-02
50.50,9.755313e+01,7.236036e+00,1.425037e+01,4.966149e-02
50.60,9.981004e+01,7.366412e+00,1.447984e+01,4.997096e-02
50.70,1.021192e+02,7.499137e+00,1.471299e+01,5.028234e-02
50.80,1.044817e+02,7.634253e+00,1.494989e+01,5.059565e-02
50.90,1.068989e+02,7.771803e+00,1.519059e+01,5.091091e-02
51.00,1.093721e+02,7.911832e+00,1.543516e+01,5.122812e-02
51.10,1.119024e+02,8.054383e+00,1.568380e+01,5.154746e-02
51.20,1.144913e+02,8.199503e+00,1.593669e+01,5.186912e-02
51.30,1.171401e+02,8.347238e+00,1.619392e+01,5.219311e-02
51.40,1.198501e+02,8.497635e+00,1.645557e+01,5.251945e-02
51.50,1.226229e+02,8.650741e+00,1.672172e+01,5.284817e-02
51.60,1.254598e+02,8.806606e+00,1.699245e+01,5.317928e-02
51.70,1.283624e+02,8.965280e+00,1.726784e+01,5.351280e-02
51.80,1.313320e+02,9.126812e+00,1.754797e+01,5.384875e-02
51.90,1.343704e+02,9.291255e+00,1.783295e+01,5.418716e-02
52.00,1.374791e+02,9.458660e+00,1.812285e+01,5.452804e-02
52.10,1.406597e+02,9.629082e+00,1.841776e+01,5.487141e-02
52.20,1.439139e+02,9.802574e+00,1.871777e+01,5.521729e-02
52.30,1.472434e+02,9.979192e+00,1.902299e+01,5.556571e-02
52.40,1.506499e+02,1.015899e+01,1.933350e+01,5.591669e-02
52.50,1.541352e+02,1.034203e+01,1.964941e+01,5.627025e-02
52.60,1.577012e+02,1.052837e+01,1.997081e+01,5.662641e-02
52.70,1.613497e+02,1.071807e+01,2.029780e+01,5.698518e-02
52.80,1.650825e+02,1.091118e+01,2.063048e+01,5.734660e-02
52.90,1.689017e+02,1.110777e+01,2.096897e+01,5.771069e-02
53.00,1.728093e+02,1.130791e+01,2.131337e+01,5.807746e-02
53.10,1.768073e+02,1.151165e+01,2.166379e+01,5.844695e-02
53.20,1.808978e+02,1.171906e+01,2.202033e+01,5.881917e-02
53.30,1.850829e+02,1.193021e+01,2.238312e+01,5.919414e-02
53.40,1.893648e+02,1.214516e+01,2.275227e+01,5.957190e-02
53.50,1.937458e+02,1.236399e+01,2.312790e+01,5.995246e-02
53.60,1.982282e+02,1.258675e+01,2.351013e+01,6.033585e-02
53.70,2.028142e+02,1.281354e+01,2.389907e+01,6.072209e-02
53.80,2.075064e+02,1.304441e+01,2.429487e+01,6.111120e-02
53.90,2.123071e+02,1.327943e+01,2.469764e+01,6.150321e-02
54.00,2.172189e+02,1.351870e+01,2.510751e+01,6.189815e-02
54.10,2.222443e+02,1.376227e+01,2.552462e+01,6.229604e-02
54.20,2.273859e+02,1.401023e+01,2.594911e+01,6.269690e-02
54.30,2.326466e+02,1.426266e+01,2.638110e+01,6.310077e-02
54.40,2.380289e+02,1.451964e+01,2.682075e+01,6.350765e-02
54.50,2.435357e+02,1.478125e+01,2.726820e+01,6.391759e-02
54.60,2.491700e+02,1.504757e+01,2.772358e+01,6.433061e-02
54.70,2.549346e+02,1.531869e+01,2.818707e+01,6.474673e-02
54.80,2.608326e+02,1.559469e+01,2.865879e+01,6.516599e-02
54.90,2.668670e+02,1.587567e+01,2.913892e+01,6.558840e-02
55.00,2.730410e+02,1.616171e+01,2.962760e+01,6.601399e-02
55.10,2.793579e+02,1.645291e+01,3.012501e+01,6.644280e-02
55.20,2.858209e+02,1.674935e+01,3.063130e+01,6.687485e-02
55.30,2.924334e+02,1.705113e+01,3.114665e+01,6.731016e-02
55.40,2.991989e+02,1.735835e+01,3.167122e+01,6.774878e-02
55.50,3.061210e+02,1.767110e+01,3.220519e+01,6.819071e-02
55.60,3.132032e+02,1.798949e+01,3.274875e+01,6.863600e-02
55.70,3.204492e+02,1.831362e+01,3.330207e+01,6.908467e-02
55.80,3.278629e+02,1.864359e+01,3.386533e+01,6.953676e-02
55.90,3.354480e+02,1.897950e+01,3.443874e+01,6.999228e-02
56.00,3.432087e+02,1.932146e+01,3.502247e+01,7.045128e-02
56.10,3.511489e+02,1.966959e+01,3.561673e+01,7.091378e-02
56.20,3.592728e+02,2.002398e+01,3.622173e+01,7.137981e-02
56.30,3.675847e+02,2.038477e+01,3.683766e+01,7.184940e-02
56.40,3.760888e+02,2.075205e+01,3.746474e+01,7.232259e-02
56.50,3.847897e+02,2.112595e+01,3.810317e+01,7.279940e-02
56.60,3.936919e+02,2.150659e+01,3.875318e+01,7.327987e-02
56.70,4.028001e+02,2.189408e+01,3.941500e+01,7.376403e-02
56.80,4.121190e+02,2.228856e+01,4.008884e+01,7.425191e-02
56.90,4.216534e+02,2.269015e+01,4.077494e+01,7.474354e-02
57.00,4.314085e+02,2.309897e+01,4.147354e+01,7.523896e-02
57.10,4.413892e+02,2.351515e+01,4.218488e+01,7.573820e-02
57.20,4.516008e+02,2.393884e+01,4.290919e+01,7.624130e-02
57.30,4.620487e+02,2.437016e+01,4.364675e+01,7.674828e-02
57.40,4.727383e+02,2.480925e+01,4.439780e+01,7.725919e-02
57.50,4.836752e+02,2.525625e+01,4.516260e+01,7.777405e-02
57.60,4.948652e+02,2.571130e+01,4.594142e+01,7.829290e-02
57.70,5.063140e+02,2.617456e+01,4.673453e+01,7.881579e-02
57.80,5.180277e+02,2.664616e+01,4.754222e+01,7.934273e-02
57.90,5.300124e+02,2.712626e+01,4.836476e+01,7.987377e-02
58.00,5.422743e+02,2.761501e+01,4.920244e+01,8.040895e-02
58.10,5.548200e+02,2.811256e+01,5.005557e+01,8.094830e-02
58.20,5.676558e+02,2.861908e+01,5.092444e+01,8.149187e-02
58.30,5.807887e+02,2.913472e+01,5.180937e+01,8.203967e-02
58.40,5.942254e+02,2.965966e+01,5.271066e+01,8.259177e-02
58.50,6.079729e+02,3.019405e+01,5.362863e+01,8.314818e-02
58.60,6.220385e+02,3.073808e+01,5.456362e+01,8.370896e-02
58.70,6.364295e+02,3.129190e+01,5.551596e+01,8.427414e-02
58.80,6.511534e+02,3.185570e+01,5.648599e+01,8.484376e-02
58.90,6.662180e+02,3.242967e+01,5.747406e+01,8.541785e-02
59.00,6.816311e+02,3.301397e+01,5.848052e+01,8.599647e-02
59.10,6.974008e+02,3.360880e+01,5.950575e+01,8.657965e-02
59.20,7.135353e+02,3.421435e+01,6.055010e+01,8.716743e-02
59.30,7.300432e+02,3.483080e+01,6.161396e+01,8.775986e-02
59.40,7.469329e+02,3.545837e+01,6.269771e+01,8.835697e-02
59.50,7.642133e+02,3.609724e+01,6.380176e+01,8.895881e-02
59.60,7.818936e+02,3.674763e+01,6.492649e+01,8.956542e-02
59.70,7.999829e+02,3.740973e+01,6.607233e+01,9.017684e-02
59.80,8.184906e+02,3.808376e+01,6.723969e+01,9.079312e-02
59.90,8.374266e+02,3.876993e+01,6.842901e+01,9.141430e-02
60.00,8.568007e+02,3.946847e+01,6.964071e+01,9.204042e-02
60.10,8.766229e+02,4.017960e+01,7.087525e+01,9.267154e-02
60.20,8.969038e+02,4.090353e+01,7.213309e+01,9.330770e-02
60.30,9.176539e+02,4.164051e+01,7.341469e+01,9.394893e-02
60.40,9.388840e+02,4.239077e+01,7.472052e+01,9.459530e-02
60.50,9.606053e+02,4.315455e+01,7.605107e+01,9.524684e-02
60.60,9.828291e+02,4.393209e+01,7.740685e+01,9.590360e-02
60.70,1.005567e+03,4.472364e+01,7.878835e+01,9.656563e-02
60.80,1.028831e+03,4.552945e+01,8.019609e+01,9.723298e-02
60.90,1.052633e+03,4.634978e+01,8.163061e+01,9.790570e-02
61.00,1.076986e+03,4.718488e+01,8.309244e+01,9.858384e-02
61.10,1.101903e+03,4.803504e+01,8.458213e+01,9.926744e-02
61.20,1.127395e+03,4.890051e+01,8.610026e+01,9.995656e-02
61.30,1.153478e+03,4.978158e+01,8.764738e+01,1.006513e-01
61.40,1.180164e+03,5.067852e+01,8.922410e+01,1.013516e-01
61.50,1.207467e+03,5.159162e+01,9.083101e+01,1.020575e-01
61.60,1.235402e+03,5.252118e+01,9.246873e+01,1.027692e-01
61.70,1.263984e+03,5.346748e+01,9.413788e+01,1.034867e-01
61.80,1.293226e+03,5.443083e+01,9.583910e+01,1.042100e-01
61.90,1.323145e+03,5.541154e+01,9.757304e+01,1.049392e-01
62.00,1.353756e+03,5.640992e+01,9.934038e+01,1.056744e-01
62.10,1.385076e+03,5.742629e+01,1.011418e+02,1.064155e-01
62.20,1.417120e+03,5.846097e+01,1.029780e+02,1.071627e-01
62.30,1.449905e+03,5.951429e+01,1.048497e+02,1.079160e-01
62.40,1.483449e+03,6.058659e+01,1.067575e+02,1.086754e-01
62.50,1.517769e+03,6.167821e+01,1.087024e+02,1.094411e-01
62.60,1.552883e+03,6.278950e+01,1.106849e+02,1.102130e-01
62.70,1.588809e+03,6.392081e+01,1.127060e+02,1.109913e-01
62.80,1.625567e+03,6.507251e+01,1.147663e+02,1.117760e-01
62.90,1.663175e+03,6.624496e+01,1.168668e+02,1.125671e-01
63.00,1.701653e+03,6.743853e+01,1.190081e+02,1.133648e-01
63.10,1.741021e+03,6.865360e+01,1.211912e+02,1.141690e-01
63.20,1.781300e+03,6.989057e+01,1.234170e+02,1.149799e-01
63.30,1.822511e+03,7.114983e+01,1.256862e+02,1.157975e-01
63.40,1.864675e+03,7.243177e+01,1.279999e+02,1.166219e-01
63.50,1.907814e+03,7.373681e+01,1.303589e+02,1.174531e-01
63.60,1.951952e+03,7.506537e+01,1.327643e+02,1.182912e-01
63.70,1.997111e+03,7.641786e+01,1.352168e+02,1.191362e-01
63.80,2.043315e+03,7.779472e+01,1.377176e+02,1.199883e-01
63.90,2.090587e+03,7.919639e+01,1.402676e+02,1.208474e-01
64.00,2.138953e+03,8.062332e+01,1.428679e+02,1.217138e-01
64.10,2.188438e+03,8.207595e+01,1.455195e+02,1.225873e-01
64.20,2.239068e+03,8.355476e+01,1.482235e+02,1.234682e-01
64.30,2.290870e+03,8.506021e+01,1.509810e+02,1.243564e-01
64.40,2.343870e+03,8.659278e+01,1.537931e+02,1.252521e-01
64.50,2.398096e+03,8.815297e+01,1.566610e+02,1.261553e-01
64.60,2.453576e+03,8.974127e+01,1.595858e+02,1.270661e-01
64.70,2.510340e+03,9.135819e+01,1.625687e+02,1.279845e-01
64.80,2.568417e+03,9.300424e+01,1.656110e+02,1.289106e-01
64.90,2.627838e+03,9.467994e+01,1.687139e+02,1.298446e-01
65.00,2.688634e+03,9.638584e+01,1.718787e+02,1.307864e-01
65.10,2.750836e+03,9.812248e+01,1.751067e+02,1.317362e-01
65.20,2.814477e+03,9.989040e+01,1.783993e+02,1.326940e-01
65.30,2.879591e+03,1.016902e+02,1.817577e+02,1.336599e-01
65.40,2.946211e+03,1.035224e+02,1.851835e+02,1.346341e-01
65.50,3.014372e+03,1.053876e+02,1.886780e+02,1.356164e-01
65.60,3.084110e+03,1.072864e+02,1.922428e+02,1.366072e-01
65.70,3.155462e+03,1.092195e+02,1.958792e+02,1.376063e-01
65.80,3.228464e+03,1.111873e+02,1.995889e+02,1.386140e-01
65.90,3.303156e+03,1.131907e+02,2.033733e+02,1.396302e-01
66.00,3.379575e+03,1.152301e+02,2.072342e+02,1.406552e-01
66.10,3.457762e+03,1.173062e+02,2.111731e+02,1.416889e-01
66.20,3.537758e+03,1.194198e+02,2.151918e+02,1.427314e-01
66.30,3.619605e+03,1.215715e+02,2.192918e+02,1.437829e-01
66.40,3.703345e+03,1.237619e+02,2.234750e+02,1.448434e-01
66.50,3.789023e+03,1.259918e+02,2.277432e+02,1.459130e-01
66.60,3.876683e+03,1.282618e+02,2.320982e+02,1.469918e-01
66.70,3.966371e+03,1.305728e+02,2.365418e+02,1.480799e-01
66.80,4.058134e+03,1.329254e+02,2.410761e+02,1.491773e-01
66.90,4.152020e+03,1.353204e+02,2.457028e+02,1.502843e-01
67.00,4.248078e+03,1.377585e+02,2.504242e+02,1.514008e-01
67.10,4.346358e+03,1.402406e+02,2.552421e+02,1.525269e-01
67.20,4.446912e+03,1.427674e+02,2.601587e+02,1.536629e-01
67.30,4.549792e+03,1.453397e+02,2.651761e+02,1.548086e-01
67.40,4.655053e+03,1.479583e+02,2.702966e+02,1.559644e-01
67.50,4.762748e+03,1.506242e+02,2.755224e+02,1.571301e-01
67.60,4.872935e+03,1.533381e+02,2.808558e+02,1.583061e-01
67.70,4.985672e+03,1.561008e+02,2.862990e+02,1.594922e-01
67.80,5.101017e+03,1.589134e+02,2.918546e+02,1.606888e-01
67.90,5.219030e+03,1.617766e+02,2.975251e+02,1.618957e-01
68.00,5.339773e+03,1.646914e+02,3.033128e+02,1.631133e-01
68.10,5.463310e+03,1.676588e+02,3.092204e+02,1.643415e-01
68.20,5.589705e+03,1.706796e+02,3.152505e+02,1.655804e-01
68.30,5.719024e+03,1.737548e+02,3.214058e+02,1.668303e-01
68.40,5.851335e+03,1.768854e+02,3.276891e+02,1.680911e-01
68.50,5.986707e+03,1.800725e+02,3.341032e+02,1.693631e-01
68.60,6.125211e+03,1.833169e+02,3.406510e+02,1.706462e-01
68.70,6.266919e+03,1.866198e+02,3.473355e+02,1.719407e-01
68.80,6.411906e+03,1.899823e+02,3.541596e+02,1.732466e-01
68.90,6.560246e+03,1.934053e+02,3.611265e+02,1.745641e-01
69.00,6.712019e+03,1.968900e+02,3.682393e+02,1.758932e-01
69.10,6.867303e+03,2.004374e+02,3.755014e+02,1.772341e-01
69.20,7.026180e+03,2.040488e+02,3.829159e+02,1.785870e-01
69.30,7.188732e+03,2.077253e+02,3.904863e+02,1.799518e-01
69.40,7.355045e+03,2.114680e+02,3.982161e+02,1.813289e-01
69.50,7.525206e+03,2.152781e+02,4.061089e+02,1.827181e-01
69.60,7.699303e+03,2.191569e+02,4.141682e+02,1.841198e-01
69.70,7.877428e+03,2.231056e+02,4.223979e+02,1.855340e-01
69.80,8.059674e+03,2.271254e+02,4.308017e+02,1.869609e-01
69.90,8.246137e+03,2.312176e+02,4.393835e+02,1.884006e-01
70.00,8.436913e+03,2.353836e+02,4.481474e+02,1.898531e-01
70.10,8.632103e+03,2.396246e+02,4.570975e+02,1.913187e-01
70.20,8.831808e+03,2.439421e+02,4.662379e+02,1.927975e-01
70.30,9.036134e+03,2.483373e+02,4.755730e+02,1.942896e-01
70.40,9.245187e+03,2.528117e+02,4.851071e+02,1.957952e-01
70.50,9.459077e+03,2.573668e+02,4.948448e+02,1.973143e-01
70.60,9.677915e+03,2.620039e+02,5.047906e+02,1.988472e-01
70.70,9.901815e+03,2.667245e+02,5.149493e+02,2.003940e-01
70.80,1.013090e+04,2.715303e+02,5.253258e+02,2.019548e-01
70.90,1.036528e+04,2.764226e+02,5.359249e+02,2.035297e-01
71.00,1.060508e+04,2.814030e+02,5.467517e+02,2.051189e-01
71.10,1.085043e+04,2.864732e+02,5.578095e+02,2.067223e-01
71.20,1.110146e+04,2.916348e+02,5.691011e+02,2.083398e-01
71.30,1.135829e+04,2.968893e+02,5.806318e+02,2.099713e-01
71.40,1.162107e+04,3.022385e+02,5.924069e+02,2.116171e-01
71.50,1.188993e+04,3.076841e+02,6.044317e+02,2.132773e-01
71.60,1.216500e+04,3.132278e+02,6.167119e+02,2.149521e-01
71.70,1.244644e+04,3.188714e+02,6.292530e+02,2.166415e-01
71.80,1.273439e+04,3.246167e+02,6.420609e+02,2.183458e-01
71.90,1.302901e+04,3.304655e+02,6.551414e+02,2.200650e-01
72.00,1.333043e+04,3.364196e+02,6.685007e+02,2.217994e-01
72.10,1.363884e+04,3.424811e+02,6.821450e+02,2.235490e-01
72.20,1.395438e+04,3.486518e+02,6.960805e+02,2.253140e-01
72.30,1.427721e+04,3.549336e+02,7.103138e+02,2.270947e-01
72.40,1.460752e+04,3.613286e+02,7.248515e+02,2.288910e-01
72.50,1.494547e+04,3.678389e+02,7.397005e+02,2.307032e-01
72.60,1.529123e+04,3.744664e+02,7.548677e+02,2.325314e-01
72.70,1.564500e+04,3.812134e+02,7.703601e+02,2.343758e-01
72.80,1.600695e+04,3.880819e+02,7.861852e+02,2.362365e-01
72.90,1.637728e+04,3.950742e+02,8.023502e+02,2.381138e-01
73.00,1.675617e+04,4.021925e+02,8.188630e+02,2.400076e-01
73.10,1.714383e+04,4.094390e+02,8.357313e+02,2.419184e-01
73.20,1.754045e+04,4.168161e+02,8.529630e+02,2.438461e-01
73.30,1.794625e+04,4.243261e+02,8.705663e+02,2.457909e-01
73.40,1.836144e+04,4.319714e+02,8.885497e+02,2.477531e-01
73.50,1.878624e+04,4.397544e+02,9.069217e+02,2.497328e-01
73.60,1.922086e+04,4.476777e+02,9.256911e+02,2.517302e-01
73.70,1.966554e+04,4.557438e+02,9.448667e+02,2.537454e-01
73.80,2.012051e+04,4.639551e+02,9.644579e+02,2.557786e-01
73.90,2.058600e+04,4.723145e+02,9.844740e+02,2.578300e-01
74.00,2.106227e+04,4.808244e+02,1.004925e+03,2.598998e-01
74.10,2.154955e+04,4.894877e+02,1.025820e+03,2.619882e-01
74.20,2.204810e+04,4.983071e+02,1.047169e+03,2.640953e-01
74.30,2.255819e+04,5.072853e+02,1.068984e+03,2.662213e-01
74.40,2.308008e+04,5.164253e+02,1.091273e+03,2.683664e-01
74.50,2.361404e+04,5.257301e+02,1.114049e+03,2.705309e-01
74.60,2.416035e+04,5.352024e+02,1.137322e+03,2.727148e-01
74.70,2.471931e+04,5.448454e+02,1.161104e+03,2.749185e-01
74.80,2.529120e+04,5.546622e+02,1.185406e+03,2.771420e-01
74.90,2.587631e+04,5.646559e+02,1.210240e+03,2.793856e-01
75.00,2.647497e+04,5.748296e+02,1.235618e+03,2.816495e-01
75.10,2.708747e+04,5.851866e+02,1.261553e+03,2.839339e-01
75.20,2.771415e+04,5.957302e+02,1.288058e+03,2.862391e-01
75.30,2.835532e+04,6.064638e+02,1.315145e+03,2.885651e-01
75.40,2.901133e+04,6.173908e+02,1.342828e+03,2.909122e-01
75.50,2.968251e+04,6.285146e+02,1.371120e+03,2.932806e-01
75.60,3.036922e+04,6.398389e+02,1.400036e+03,2.956706e-01
75.70,3.107182e+04,6.513672e+02,1.429590e+03,2.980824e-01
75.80,3.179068e+04,6.631033e+02,1.459797e+03,3.005161e-01
75.90,3.252616e+04,6.750508e+02,1.490671e+03,3.029720e-01
76.00,3.327866e+04,6.872135e+02,1.522228e+03,3.054504e-01
76.10,3.404857e+04,6.995954e+02,1.554485e+03,3.079513e-01
76.20,3.483629e+04,7.122004e+02,1.587456e+03,3.104752e-01
76.30,3.564224e+04,7.250325e+02,1.621159e+03,3.130222e-01
76.40,3.646683e+04,7.380958e+02,1.655611e+03,3.155925e-01
76.50,3.731050e+04,7.513944e+02,1.690828e+03,3.181864e-01
76.60,3.817368e+04,7.649327e+02,1.726830e+03,3.208041e-01
76.70,3.905684e+04,7.787149e+02,1.763633e+03,3.234459e-01
76.80,3.996043e+04,7.927454e+02,1.801256e+03,3.261120e-01
76.90,4.088492e+04,8.070288e+02,1.839720e+03,3.288026e-01
77.00,4.183080e+04,8.215694e+02,1.879043e+03,3.315180e-01
77.10,4.279857e+04,8.363721e+02,1.919245e+03,3.342585e-01
77.20,4.378872e+04,8.514415e+02,1.960346e+03,3.370243e-01
77.30,4.480179e+04,8.667823e+02,2.002369e+03,3.398157e-01
77.40,4.583828e+04,8.823996e+02,2.045334e+03,3.426329e-01
77.50,4.689876e+04,8.982983e+02,2.089264e+03,3.454762e-01
77.60,4.798378e+04,9.144834e+02,2.134181e+03,3.483458e-01
77.70,4.909389e+04,9.309601e+02,2.180108e+03,3.512421e-01
77.80,5.022969e+04,9.477337e+02,2.227069e+03,3.541653e-01
77.90,5.139177e+04,9.648096e+02,2.275088e+03,3.571157e-01
78.00,5.258073e+04,9.821931e+02,2.324191e+03,3.600935e-01
78.10,5.379719e+04,9.998898e+02,2.374402e+03,3.630991e-01
78.20,5.504180e+04,1.017905e+03,2.425749e+03,3.661327e-01
78.30,5.631521e+04,1.036245e+03,2.478257e+03,3.691946e-01
78.40,5.761807e+04,1.054916e+03,2.531954e+03,3.722852e-01
78.50,5.895108e+04,1.073923e+03,2.586868e+03,3.754046e-01
78.60,6.031493e+04,1.093272e+03,2.643029e+03,3.785532e-01
78.70,6.171033e+04,1.112971e+03,2.700465e+03,3.817314e-01
78.80,6.313801e+04,1.133024e+03,2.759207e+03,3.849394e-01
78.90,6.459872e+04,1.153438e+03,2.819285e+03,3.881775e-01
79.00,6.609323e+04,1.174220e+03,2.880733e+03,3.914460e-01
79.10,6.762231e+04,1.195376e+03,2.943582e+03,3.947453e-01
79.20,6.918677e+04,1.216914e+03,3.007865e+03,3.980757e-01
79.30,7.078742e+04,1.238840e+03,3.073617e+03,4.014374e-01
79.40,7.242510e+04,1.261161e+03,3.140873e+03,4.048309e-01
79.50,7.410067e+04,1.283884e+03,3.209669e+03,4.082564e-01
79.60,7.581501e+04,1.307016e+03,3.280041e+03,4.117143e-01
79.70,7.756901e+04,1.330565e+03,3.352028e+03,4.152050e-01
79.80,7.936358e+04,1.354539e+03,3.425668e+03,4.187287e-01
79.90,8.119968e+04,1.378944e+03,3.501000e+03,4.222859e-01
80.00,8.307825e+04,1.403790e+03,3.578066e+03,4.258768e-01
80.10,8.500028e+04,1.429082e+03,3.656907e+03,4.295018e-01
80.20,8.696678e+04,1.454831e+03,3.737565e+03,4.331613e-01
80.30,8.897878e+04,1.481043e+03,3.820085e+03,4.368557e-01
80.40,9.103732e+04,1.507728e+03,3.904511e+03,4.405852e-01
80.50,9.314349e+04,1.534894e+03,3.990889e+03,4.443504e-01
80.60,9.529839e+04,1.562549e+03,4.079267e+03,4.481515e-01
80.70,9.750314e+04,1.590702e+03,4.169692e+03,4.519889e-01
80.80,9.975890e+04,1.619363e+03,4.262215e+03,4.558631e-01
80.90,1.020668e+05,1.648540e+03,4.356886e+03,4.597744e-01
81.00,1.044282e+05,1.678242e+03,4.453757e+03,4.637232e-01
81.10,1.068442e+05,1.708480e+03,4.552882e+03,4.677099e-01
81.20,1.093160e+05,1.739263e+03,4.654315e+03,4.717348e-01
81.30,1.118451e+05,1.770600e+03,4.758113e+03,4.757985e-01
81.40,1.144326e+05,1.802502e+03,4.864333e+03,4.799014e-01
81.50,1.170801e+05,1.834978e+03,4.973034e+03,4.840437e-01
81.60,1.197887e+05,1.868040e+03,5.084277e+03,4.882261e-01
81.70,1.225601e+05,1.901697e+03,5.198124e+03,4.924488e-01
81.80,1.253955e+05,1.935961e+03,5.314638e+03,4.967123e-01
81.90,1.282966e+05,1.970843e+03,5.433885e+03,5.010171e-01
82.00,1.312647e+05,2.006352e+03,5.555931e+03,5.053636e-01
82.10,1.343016e+05,2.042502e+03,5.680846e+03,5.097522e-01
82.20,1.374087e+05,2.079303e+03,5.808700e+03,5.141834e-01
82.30,1.405877e+05,2.116767e+03,5.939564e+03,5.186577e-01
82.40,1.438402e+05,2.154906e+03,6.073514e+03,5.231755e-01
82.50,1.471680e+05,2.193732e+03,6.210625e+03,5.277373e-01
82.60,1.505727e+05,2.233257e+03,6.350974e+03,5.323435e-01
82.70,1.540563e+05,2.273495e+03,6.494643e+03,5.369947e-01
82.80,1.576204e+05,2.314458e+03,6.641712e+03,5.416913e-01
82.90,1.612670e+05,2.356159e+03,6.792266e+03,5.464338e-01
83.00,1.649979e+05,2.398611e+03,6.946391e+03,5.512227e-01
83.10,1.688152e+05,2.441828e+03,7.104176e+03,5.560585e-01
83.20,1.727208e+05,2.485824e+03,7.265711e+03,5.609417e-01
83.30,1.767167e+05,2.530612e+03,7.431090e+03,5.658729e-01
83.40,1.808051e+05,2.576207e+03,7.600408e+03,5.708526e-01
83.50,1.849880e+05,2.622624e+03,7.773763e+03,5.758812e-01
83.60,1.892678e+05,2.669878e+03,7.951256e+03,5.809593e-01
83.70,1.936465e+05,2.717982e+03,8.132989e+03,5.860875e-01
83.80,1.981266e+05,2.766953e+03,8.319069e+03,5.912663e-01
83.90,2.027103e+05,2.816807e+03,8.509605e+03,5.964962e-01
84.00,2.074000e+05,2.867559e+03,8.704707e+03,6.017779e-01
84.10,2.121983e+05,2.919225e+03,8.904490e+03,6.071118e-01
84.20,2.171075e+05,2.971823e+03,9.109071e+03,6.124985e-01
84.30,2.221304e+05,3.025368e+03,9.318571e+03,6.179387e-01
84.40,2.272694e+05,3.079877e+03,9.533113e+03,6.234330e-01
84.50,2.325273e+05,3.135369e+03,9.752824e+03,6.289818e-01
84.60,2.379069e+05,3.191861e+03,9.977834e+03,6.345858e-01
84.70,2.434109e+05,3.249370e+03,1.020828e+04,6.402457e-01
84.80,2.490423e+05,3.307916e+03,1.044429e+04,6.459620e-01
84.90,2.548040e+05,3.367516e+03,1.068598e+04,6.517345e-01
85.00,2.606989e+05,3.428191e+03,1.093329e+04,6.575594e-01
85.10,2.667302e+05,3.489958e+03,1.118632e+04,6.634362e-01
85.20,2.729011e+05,3.552839e+03,1.144520e+04,6.693652e-01
85.30,2.792147e+05,3.616852e+03,1.171006e+04,6.753471e-01
85.40,2.856744e+05,3.682019e+03,1.198104e+04,6.813823e-01
85.50,2.922836e+05,3.748360e+03,1.225829e+04,6.874712e-01
85.60,2.990456e+05,3.815896e+03,1.254194e+04,6.936143e-01
85.70,3.059641e+05,3.884649e+03,1.283214e+04,6.998121e-01
85.80,3.130427e+05,3.954641e+03,1.312905e+04,7.060651e-01
85.90,3.202850e+05,4.025894e+03,1.343282e+04,7.123738e-01
86.00,3.276948e+05,4.098430e+03,1.374361e+04,7.187386e-01
86.10,3.352761e+05,4.172274e+03,1.406164e+04,7.251613e-01
86.20,3.430328e+05,4.247448e+03,1.438703e+04,7.316416e-01
86.30,3.509690e+05,4.323977e+03,1.471995e+04,7.381796e-01
86.40,3.590887e+05,4.401884e+03,1.506056e+04,7.447759e-01
86.50,3.673963e+05,4.481195e+03,1.540904e+04,7.514308e-01
86.60,3.758961e+05,4.561935e+03,1.576557e+04,7.581450e-01
86.70,3.845925e+05,4.644130e+03,1.613035e+04,7.649190e-01
86.80,3.934902e+05,4.727806e+03,1.650354e+04,7.717533e-01
86.90,4.025937e+05,4.812989e+03,1.688537e+04,7.786485e-01
87.00,4.119078e+05,4.899707e+03,1.727601e+04,7.856050e-01
87.10,4.214373e+05,4.987988e+03,1.767568e+04,7.926235e-01
87.20,4.311874e+05,5.077859e+03,1.808458e+04,7.997045e-01
87.30,4.411630e+05,5.169350e+03,1.850293e+04,8.068485e-01
87.40,4.513694e+05,5.262489e+03,1.893094e+04,8.140560e-01
87.50,4.618119e+05,5.357306e+03,1.936884e+04,8.213278e-01
87.60,4.724961e+05,5.453831e+03,1.981685e+04,8.286643e-01
87.70,4.834274e+05,5.552096e+03,2.027521e+04,8.360660e-01
87.80,4.946116e+05,5.652131e+03,2.074416e+04,8.435337e-01
87.90,5.060545e+05,5.753968e+03,2.122394e+04,8.510678e-01
88.00,5.177622e+05,5.857641e+03,2.171480e+04,8.586690e-01
88.10,5.297408e+05,5.963181e+03,2.221700e+04,8.663378e-01
88.20,5.419964e+05,6.070623e+03,2.273080e+04,8.740749e-01
88.30,5.545356e+05,6.180000e+03,2.325646e+04,8.818808e-01
88.40,5.673650e+05,6.291349e+03,2.379426e+04,8.897562e-01
88.50,5.804911e+05,6.404703e+03,2.434448e+04,8.977017e-01
88.60,5.939209e+05,6.520100e+03,2.490741e+04,9.057179e-01
88.70,6.076614e+05,6.637576e+03,2.548334e+04,9.138054e-01
88.80,6.217197e+05,6.757169e+03,2.607256e+04,9.219648e-01
88.90,6.361034e+05,6.878917e+03,2.667539e+04,9.301969e-01
89.00,6.508198e+05,7.002858e+03,2.729214e+04,9.385022e-01
89.10,6.658766e+05,7.129032e+03,2.792313e+04,9.468814e-01
89.20,6.812818e+05,7.257480e+03,2.856868e+04,9.553352e-01
89.30,6.970434e+05,7.388242e+03,2.922914e+04,9.638642e-01
89.40,7.131697e+05,7.521359e+03,2.990485e+04,9.724690e-01
89.50,7.296690e+05,7.656876e+03,3.059615e+04,9.811504e-01
89.60,7.465501e+05,7.794834e+03,3.130342e+04,9.899090e-01
89.70,7.638217e+05,7.935277e+03,3.202701e+04,9.987455e-01
89.80,7.814929e+05,8.078252e+03,3.276730e+04,1.007661e+00
89.90,7.995729e+05,8.223802e+03,3.352469e+04,1.016655e+00
90.00,8.180712e+05,8.371974e+03,3.429955e+04,1.025730e+00
90.10,8.369975e+05,8.522817e+03,3.509230e+04,1.034885e+00
90.20,8.563616e+05,8.676377e+03,3.590334e+04,1.044121e+00
90.30,8.761737e+05,8.832704e+03,3.673311e+04,1.053440e+00
90.40,8.964442e+05,8.991847e+03,3.758202e+04,1.062842e+00
90.50,9.171836e+05,9.153858e+03,3.845053e+04,1.072327e+00
90.60,9.384029e+05,9.318788e+03,3.933908e+04,1.081896e+00
90.70,9.601130e+05,9.486690e+03,4.024813e+04,1.091551e+00
90.80,9.823255e+05,9.657617e+03,4.117816e+04,1.101292e+00
90.90,1.005052e+06,9.831623e+03,4.212965e+04,1.111119e+00
91.00,1.028304e+06,1.000876e+04,4.310310e+04,1.121033e+00
91.10,1.052094e+06,1.018910e+04,4.409825e+04,1.131028e+00
91.20,1.076434e+06,1.037268e+04,4.511482e+04,1.141097e+00
91.30,1.101338e+06,1.055957e+04,4.615322e+04,1.151240e+00
91.40,1.126818e+06,1.074983e+04,4.721388e+04,1.161458e+00
91.50,1.152887e+06,1.094351e+04,4.829726e+04,1.171750e+00
91.60,1.179559e+06,1.114069e+04,4.940380e+04,1.182118e+00
91.70,1.206848e+06,1.134142e+04,5.053396e+04,1.192562e+00
91.80,1.234769e+06,1.154576e+04,5.168822e+04,1.203082e+00
91.90,1.263336e+06,1.175379e+04,5.286703e+04,1.213679e+00
92.00,1.292563e+06,1.196556e+04,5.407089e+04,1.224353e+00
92.10,1.322467e+06,1.218115e+04,5.530030e+04,1.235104e+00
92.20,1.353063e+06,1.240063e+04,5.655575e+04,1.245934e+00
92.30,1.384366e+06,1.262405e+04,5.783776e+04,1.256842e+00
92.40,1.416394e+06,1.285151e+04,5.914684e+04,1.267829e+00
92.50,1.449162e+06,1.308306e+04,6.048353e+04,1.278896e+00
92.60,1.482689e+06,1.331879e+04,6.184836e+04,1.290042e+00
92.70,1.516991e+06,1.355876e+04,6.324189e+04,1.301269e+00
92.80,1.552087e+06,1.380305e+04,6.466468e+04,1.312576e+00
92.90,1.587995e+06,1.405175e+04,6.611728e+04,1.323965e+00
93.00,1.624734e+06,1.430493e+04,6.760029e+04,1.335436e+00
93.10,1.662322e+06,1.456267e+04,6.911429e+04,1.346988e+00
93.20,1.700781e+06,1.482505e+04,7.065989e+04,1.358623e+00
93.30,1.740129e+06,1.509216e+04,7.223768e+04,1.370342e+00
93.40,1.780387e+06,1.536408e+04,7.384830e+04,1.382143e+00
93.50,1.821577e+06,1.564091e+04,7.549238e+04,1.394029e+00
93.60,1.863719e+06,1.592272e+04,7.717056e+04,1.406000e+00
93.70,1.906837e+06,1.620961e+04,7.888350e+04,1.418055e+00
93.80,1.950952e+06,1.650166e+04,8.063186e+04,1.430196e+00
93.90,1.996088e+06,1.679898e+04,8.241633e+04,1.442423e+00
94.00,2.042267e+06,1.710166e+04,8.423759e+04,1.454736e+00
94.10,2.089516e+06,1.740979e+04,8.609635e+04,1.467136e+00
94.20,2.137857e+06,1.772347e+04,8.799332e+04,1.479623e+00
94.30,2.187317e+06,1.804280e+04,8.992923e+04,1.492198e+00
94.40,2.237921e+06,1.836789e+04,9.190482e+04,1.504862e+00
94.50,2.289696e+06,1.869883e+04,9.392085e+04,1.517615e+00
94.60,2.342669e+06,1.903574e+04,9.597807e+04,1.530456e+00
94.70,2.396867e+06,1.937872e+04,9.807729e+04,1.543388e+00
94.80,2.452319e+06,1.972787e+04,1.002193e+05,1.556410e+00
94.90,2.509054e+06,2.008332e+04,1.024048e+05,1.569523e+00
95.00,2.567101e+06,2.044517e+04,1.046348e+05,1.582727e+00
95.10,2.626492e+06,2.081355e+04,1.069100e+05,1.596022e+00
95.20,2.687256e+06,2.118856e+04,1.092313e+05,1.609411e+00
95.30,2.749426e+06,2.157032e+04,1.115996e+05,1.622892e+00
95.40,2.813035e+06,2.195896e+04,1.140157e+05,1.636466e+00
95.50,2.878115e+06,2.235461e+04,1.164806e+05,1.650134e+00
95.60,2.944701e+06,2.275739e+04,1.189950e+05,1.663897e+00
95.70,3.012827e+06,2.316742e+04,1.215601e+05,1.677754e+00
95.80,3.082530e+06,2.358484e+04,1.241767e+05,1.691707e+00
95.90,3.153845e+06,2.400978e+04,1.268457e+05,1.705756e+00
96.00,3.226810e+06,2.444238e+04,1.295682e+05,1.719901e+00
96.10,3.301463e+06,2.488277e+04,1.323451e+05,1.734143e+00
96.20,3.377843e+06,2.533109e+04,1.351775e+05,1.748482e+00
96.30,3.455990e+06,2.578750e+04,1.380663e+05,1.762920e+00
96.40,3.535945e+06,2.625212e+04,1.410127e+05,1.777456e+00
96.50,3.617750e+06,2.672512e+04,1.440176e+05,1.792091e+00
96.60,3.701448e+06,2.720664e+04,1.470822e+05,1.806826e+00
96.70,3.787081e+06,2.769684e+04,1.502075e+05,1.821661e+00
96.80,3.874696e+06,2.819587e+04,1.533947e+05,1.836596e+00
96.90,3.964338e+06,2.870389e+04,1.566449e+05,1.851633e+00
97.00,4.056054e+06,2.922106e+04,1.599593e+05,1.866771e+00
97.10,4.149892e+06,2.974755e+04,1.633390e+05,1.882012e+00
97.20,4.245901e+06,3.028353e+04,1.667853e+05,1.897355e+00
97.30,4.344130e+06,3.082917e+04,1.702992e+05,1.912802e+00
97.40,4.444633e+06,3.138463e+04,1.738822e+05,1.928353e+00
97.50,4.547460e+06,3.195010e+04,1.775353e+05,1.944008e+00
97.60,4.652667e+06,3.252577e+04,1.812600e+05,1.959769e+00
97.70,4.760308e+06,3.311180e+04,1.850575e+05,1.975634e+00
97.80,4.870438e+06,3.370839e+04,1.889290e+05,1.991606e+00
97.90,4.983117e+06,3.431574e+04,1.928761e+05,2.007685e+00
98.00,5.098403e+06,3.493402e+04,1.968999e+05,2.023871e+00
98.10,5.216355e+06,3.556345e+04,2.010020e+05,2.040165e+00
98.20,5.337037e+06,3.620421e+04,2.051837e+05,2.056567e+00
98.30,5.460510e+06,3.685652e+04,2.094464e+05,2.073078e+00
98.40,5.586841e+06,3.752059e+04,2.137916e+05,2.089699e+00
98.50,5.716093e+06,3.819661e+04,2.182208e+05,2.106430e+00
98.60,5.848336e+06,3.888482e+04,2.227355e+05,2.123271e+00
98.70,5.983639e+06,3.958543e+04,2.273372e+05,2.140224e+00
98.80,6.122072e+06,4.029866e+04,2.320275e+05,2.157289e+00
98.90,6.263707e+06,4.102475e+04,2.368079e+05,2.174466e+00
99.00,6.408620e+06,4.176391e+04,2.416800e+05,2.191755e+00
99.10,6.556885e+06,4.251639e+04,2.466456e+05,2.209159e+00
99.20,6.708580e+06,4.328243e+04,2.517061e+05,2.226677e+00
99.30,6.863784e+06,4.406228e+04,2.568634e+05,2.244309e+00
99.40,7.022579e+06,4.485617e+04,2.621192e+05,2.262057e+00
99.50,7.185048e+06,4.566437e+04,2.674751e+05,2.279921e+00
99.60,7.351276e+06,4.648713e+04,2.729330e+05,2.297901e+00
99.70,7.521349e+06,4.732471e+04,2.784946e+05,2.315999e+00
99.80,7.695358e+06,4.817739e+04,2.841618e+05,2.334214e+00
99.90,7.873391e+06,4.904542e+04,2.899364e+05,2.352548e+00
100.00,8.055544e+06,4.992910e+04,2.958203e+05,2.371000e+00
100.10,8.241911e+06,5.082870e+04,3.018155e+05,2.389572e+00
100.20,8.432589e+06,5.174451e+04,3.079238e+05,2.408265e+00
100.30,8.627679e+06,5.267682e+04,3.141473e+05,2.427078e+00
100.40,8.827283e+06,5.362592e+04,3.204880e+05,2.446012e+00
100.50,9.031504e+06,5.459213e+04,3.269479e+05,2.465069e+00
100.60,9.240450e+06,5.557575e+04,3.335291e+05,2.484248e+00
100.70,9.454230e+06,5.657708e+04,3.402337e+05,2.503550e+00
100.80,9.672955e+06,5.759646e+04,3.470639e+05,2.522977e+00
100.90,9.896741e+06,5.863421e+04,3.540217e+05,2.542528e+00
101.00,1.012570e+07,5.969065e+04,3.611095e+05,2.562204e+00
101.10,1.035997e+07,6.076613e+04,3.683295e+05,2.582005e+00
101.20,1.059965e+07,6.186099e+04,3.756840e+05,2.601933e+00
101.30,1.084487e+07,6.297557e+04,3.831752e+05,2.621989e+00
101.40,1.109577e+07,6.411024e+04,3.908057e+05,2.642172e+00
101.50,1.135247e+07,6.526534e+04,3.985776e+05,2.662483e+00
101.60,1.161511e+07,6.644126e+04,4.064935e+05,2.682923e+00
101.70,1.188383e+07,6.763837e+04,4.145559e+05,2.703493e+00
101.80,1.215877e+07,6.885705e+04,4.227672e+05,2.724193e+00
101.90,1.244006e+07,7.009768e+04,4.311300e+05,2.745024e+00
102.00,1.272787e+07,7.136067e+04,4.396469e+05,2.765987e+00
102.10,1.302233e+07,7.264641e+04,4.483206e+05,2.787081e+00
102.20,1.332360e+07,7.395532e+04,4.571536e+05,2.808309e+00
102.30,1.363185e+07,7.528782e+04,4.661488e+05,2.829670e+00
102.40,1.394722e+07,7.664432e+04,4.753088e+05,2.851165e+00
102.50,1.426990e+07,7.802526e+04,4.846365e+05,2.872796e+00
102.60,1.460003e+07,7.943108e+04,4.941347e+05,2.894561e+00
102.70,1.493781e+07,8.086223e+04,5.038063e+05,2.916463e+00
102.80,1.528340e+07,8.231917e+04,5.136542e+05,2.938502e+00
102.90,1.563698e+07,8.380236e+04,5.236814e+05,2.960679e+00
103.00,1.599875e+07,8.531227e+04,5.338909e+05,2.982993e+00
103.10,1.636888e+07,8.684939e+04,5.442859e+05,3.005447e+00
103.20,1.674758e+07,8.841420e+04,5.548694e+05,3.028040e+00
103.30,1.713504e+07,9.000721e+04,5.656445e+05,3.050773e+00
103.40,1.753146e+07,9.162892e+04,5.766146e+05,3.073647e+00
103.50,1.793706e+07,9.327984e+04,5.877829e+05,3.096663e+00
103.60,1.835204e+07,9.496052e+04,5.991526e+05,3.119821e+00
103.70,1.877661e+07,9.667147e+04,6.107272e+05,3.143122e+00
103.80,1.921101e+07,9.841325e+04,6.225100e+05,3.166567e+00
103.90,1.965547e+07,1.001864e+05,6.345046e+05,3.190157e+00
104.00,2.011020e+07,1.019915e+05,6.467145e+05,3.213891e+00
104.10,2.057545e+07,1.038292e+05,6.591432e+05,3.237771e+00
104.20,2.105147e+07,1.056999e+05,6.717944e+05,3.261798e+00
104.30,2.153850e+07,1.076044e+05,6.846718e+05,3.285972e+00
104.40,2.203680e+07,1.095431e+05,6.977791e+05,3.310294e+00
104.50,2.254663e+07,1.115168e+05,7.111201e+05,3.334765e+00
104.60,2.306825e+07,1.135261e+05,7.246987e+05,3.359385e+00
104.70,2.360194e+07,1.155715e+05,7.385188e+05,3.384155e+00
104.80,2.414797e+07,1.176539e+05,7.525843e+05,3.409075e+00
104.90,2.470664e+07,1.197737e+05,7.668994e+05,3.434148e+00
105.00,2.527824e+07,1.219317e+05,7.814681e+05,3.459372e+00
105.10,2.586305e+07,1.241286e+05,7.962946e+05,3.484750e+00
105.20,2.646140e+07,1.263651e+05,8.113831e+05,3.510281e+00
105.30,2.707359e+07,1.286419e+05,8.267379e+05,3.535967e+00
105.40,2.769995e+07,1.309597e+05,8.423633e+05,3.561808e+00
105.50,2.834079e+07,1.333193e+05,8.582638e+05,3.587805e+00
105.60,2.899646e+07,1.357214e+05,8.744438e+05,3.613958e+00
105.70,2.966730e+07,1.381667e+05,8.909080e+05,3.640269e+00
105.80,3.035366e+07,1.406562e+05,9.076608e+05,3.666738e+00
105.90,3.105590e+07,1.431904e+05,9.247071e+05,3.693366e+00
106.00,3.177438e+07,1.457704e+05,9.420516e+05,3.720153e+00
106.10,3.250949e+07,1.483968e+05,9.596990e+05,3.747101e+00
106.20,3.326161e+07,1.510705e+05,9.776544e+05,3.774211e+00
106.30,3.403112e+07,1.537925e+05,9.959227e+05,3.801482e+00
106.40,3.481844e+07,1.565634e+05,1.014509e+06,3.828915e+00
106.50,3.562397e+07,1.593843e+05,1.033418e+06,3.856512e+00
106.60,3.644814e+07,1.622560e+05,1.052656e+06,3.884274e+00
106.70,3.729138e+07,1.651795e+05,1.072227e+06,3.912200e+00
106.80,3.815412e+07,1.681556e+05,1.092137e+06,3.940292e+00
106.90,3.903682e+07,1.711854e+05,1.112391e+06,3.968551e+00
107.00,3.993995e+07,1.742697e+05,1.132995e+06,3.996976e+00
107.10,4.086397e+07,1.774096e+05,1.153955e+06,4.025570e+00
107.20,4.180937e+07,1.806061e+05,1.175275e+06,4.054333e+00
107.30,4.277664e+07,1.838602e+05,1.196963e+06,4.083265e+00
107.40,4.376628e+07,1.871729e+05,1.219023e+06,4.112368e+00
107.50,4.477883e+07,1.905453e+05,1.241462e+06,4.141642e+00
107.60,4.581479e+07,1.939784e+05,1.264286e+06,4.171088e+00
107.70,4.687473e+07,1.974734e+05,1.287500e+06,4.200707e+00
107.80,4.795919e+07,2.010314e+05,1.311112e+06,4.230500e+00
107.90,4.906873e+07,2.046535e+05,1.335126e+06,4.260467e+00
108.00,5.020395e+07,2.083409e+05,1.359551e+06,4.290609e+00
108.10,5.136543e+07,2.120946e+05,1.384391e+06,4.320927e+00
108.20,5.255378e+07,2.159161e+05,1.409654e+06,4.351422e+00
108.30,5.376962e+07,2.198063e+05,1.435347e+06,4.382094e+00
108.40,5.501360e+07,2.237667e+05,1.461476e+06,4.412945e+00
108.50,5.628635e+07,2.277984e+05,1.488047e+06,4.443976e+00
108.60,5.758855e+07,2.319028e+05,1.515069e+06,4.475186e+00
108.70,5.892087e+07,2.360811e+05,1.542548e+06,4.506577e+00
108.80,6.028402e+07,2.403347e+05,1.570490e+06,4.538150e+00
108.90,6.167870e+07,2.446650e+05,1.598904e+06,4.569906e+00
109.00,6.310565e+07,2.490732e+05,1.627797e+06,4.601845e+00
109.10,6.456562e+07,2.535609e+05,1.657176e+06,4.633968e+00
109.20,6.605936e+07,2.581294e+05,1.687049e+06,4.666276e+00
109.30,6.758766e+07,2.627803e+05,1.717424e+06,4.698770e+00
109.40,6.915131e+07,2.675150e+05,1.748308e+06,4.731451e+00
109.50,7.075114e+07,2.723349e+05,1.779709e+06,4.764319e+00
109.60,7.238799e+07,2.772417e+05,1.811635e+06,4.797376e+00
109.70,7.406270e+07,2.822369e+05,1.844095e+06,4.830622e+00
109.80,7.577616e+07,2.873221e+05,1.877096e+06,4.864058e+00
109.90,7.752925e+07,2.924990e+05,1.910647e+06,4.897685e+00
110.00,7.932291e+07,2.977691e+05,1.944757e+06,4.931505e+00
110.10,8.115807e+07,3.031342e+05,1.979367e+06,4.965451e+00
110.20,8.303568e+07,3.085959e+05,2.014415e+06,4.999460e+00
110.30,8.495672e+07,3.141560e+05,2.049906e+06,5.033531e+00
110.40,8.692222e+07,3.198163e+05,2.085841e+06,5.067664e+00
110.50,8.893318e+07,3.255786e+05,2.122225e+06,5.101859e+00
110.60,9.099067e+07,3.314448e+05,2.159061e+06,5.136116e+00
110.70,9.309576e+07,3.374166e+05,2.196352e+06,5.170434e+00
110.80,9.524955e+07,3.434960e+05,2.234101e+06,5.204813e+00
110.90,9.745317e+07,3.496850e+05,2.272312e+06,5.239253e+00
111.00,9.970778e+07,3.559854e+05,2.310989e+06,5.273754e+00
111.10,1.020145e+08,3.623994e+05,2.350134e+06,5.308316e+00
111.20,1.043747e+08,3.689289e+05,2.389751e+06,5.342938e+00
111.30,1.067894e+08,3.755761e+05,2.429844e+06,5.377620e+00
111.40,1.092600e+08,3.823431e+05,2.470416e+06,5.412362e+00
111.50,1.117877e+08,3.892320e+05,2.511469e+06,5.447164e+00
111.60,1.143740e+08,3.962450e+05,2.553009e+06,5.482026e+00
111.70,1.170201e+08,4.033843e+05,2.595038e+06,5.516947e+00
111.80,1.197273e+08,4.106523e+05,2.637559e+06,5.551927e+00
111.90,1.224973e+08,4.180513e+05,2.680576e+06,5.586967e+00
112.00,1.253313e+08,4.255835e+05,2.724092e+06,5.622065e+00
112.10,1.282308e+08,4.332515e+05,2.768112e+06,5.657222e+00
112.20,1.311975e+08,4.410576e+05,2.812638e+06,5.692438e+00
112.30,1.342328e+08,4.490044e+05,2.857673e+06,5.727712e+00
112.40,1.373383e+08,4.570943e+05,2.903222e+06,5.763044e+00
112.50,1.405156e+08,4.653300e+05,2.949288e+06,5.798434e+00
112.60,1.437665e+08,4.737141e+05,2.995874e+06,5.833882e+00
112.70,1.470925e+08,4.822493e+05,3.042984e+06,5.869388e+00
112.80,1.504956e+08,4.909382e+05,3.090622e+06,5.904951e+00
112.90,1.539773e+08,4.997837e+05,3.138790e+06,5.940572e+00
113.00,1.575396e+08,5.087886e+05,3.187493e+06,5.976249e+00
113.10,1.611843e+08,5.179557e+05,3.236733e+06,6.011984e+00
113.20,1.649134e+08,5.272880e+05,3.286515e+06,6.047776e+00
113.30,1.687287e+08,5.367884e+05,3.336842e+06,6.083624e+00
113.40,1.726322e+08,5.464600e+05,3.387718e+06,6.119529e+00
113.50,1.766261e+08,5.563059e+05,3.439146e+06,6.155489e+00
113.60,1.807124e+08,5.663292e+05,3.491129e+06,6.191507e+00
113.70,1.848932e+08,5.765330e+05,3.543672e+06,6.227580e+00
113.80,1.891708e+08,5.869207e+05,3.596778e+06,6.263709e+00
113.90,1.935473e+08,5.974956e+05,3.650450e+06,6.299893e+00
114.00,1.980251e+08,6.082610e+05,3.704692e+06,6.336134e+00
114.10,2.026064e+08,6.192203e+05,3.759509e+06,6.372429e+00
114.20,2.072938e+08,6.303772e+05,3.814902e+06,6.408780e+00
114.30,2.120895e+08,6.417350e+05,3.870876e+06,6.445186e+00
114.40,2.169963e+08,6.532975e+05,3.927435e+06,6.481646e+00
114.50,2.220165e+08,6.650683e+05,3.984582e+06,6.518162e+00
114.60,2.271530e+08,6.770512e+05,4.042321e+06,6.554732e+00
114.70,2.324082e+08,6.892500e+05,4.100656e+06,6.591356e+00
114.80,2.377850e+08,7.016686e+05,4.159589e+06,6.628035e+00
114.90,2.432862e+08,7.143109e+05,4.219126e+06,6.664768e+00
115.00,2.489147e+08,7.271810e+05,4.279269e+06,6.701554e+00
115.10,2.546734e+08,7.402830e+05,4.340022e+06,6.738395e+00
115.20,2.605653e+08,7.536211e+05,4.401390e+06,6.775289e+00
115.30,2.665936e+08,7.671995e+05,4.463374e+06,6.812237e+00
115.40,2.727613e+08,7.810226e+05,4.525980e+06,6.849239e+00
115.50,2.790717e+08,7.950947e+05,4.589211e+06,6.886293e+00
115.60,2.855280e+08,8.094203e+05,4.653071e+06,6.923401e+00
115.70,2.921338e+08,8.240041e+05,4.717563e+06,6.960561e+00
115.80,2.988924e+08,8.388506e+05,4.782692e+06,6.997775e+00
115.90,3.058073e+08,8.539646e+05,4.848460e+06,7.035041e+00
116.00,3.128822e+08,8.693509e+05,4.914872e+06,7.072360e+00
116.10,3.201208e+08,8.850145e+05,4.981931e+06,7.109731e+00
116.20,3.275269e+08,9.009603e+05,5.049642e+06,7.147154e+00
116.30,3.351043e+08,9.171934e+05,5.118007e+06,7.184630e+00
116.40,3.428570e+08,9.337189e+05,5.187031e+06,7.222157e+00
116.50,3.507891e+08,9.505422e+05,5.256718e+06,7.259736e+00
116.60,3.589047e+08,9.676687e+05,5.327071e+06,7.297367e+00
116.70,3.672080e+08,9.851037e+05,5.398094e+06,7.335050e+00
116.80,3.757035e+08,1.002853e+06,5.469791e+06,7.372784e+00
116.90,3.843955e+08,1.020922e+06,5.542165e+06,7.410570e+00
117.00,3.932885e+08,1.039316e+06,5.615221e+06,7.448406e+00
117.10,4.023874e+08,1.058042e+06,5.688962e+06,7.486294e+00
117.20,4.116967e+08,1.077105e+06,5.763392e+06,7.524233e+00
117.30,4.212214e+08,1.096512e+06,5.838516e+06,7.562222e+00
117.40,4.309664e+08,1.116269e+06,5.914336e+06,7.600262e+00
117.50,4.409369e+08,1.136381e+06,5.990856e+06,7.638353e+00
117.60,4.511381e+08,1.156856e+06,6.068082e+06,7.676494e+00
117.70,4.615753e+08,1.177700e+06,6.146015e+06,7.714685e+00
117.80,4.722539e+08,1.198919e+06,6.224661e+06,7.752927e+00
117.90,4.831796e+08,1.220520e+06,6.304023e+06,7.791219e+00
118.00,4.943581e+08,1.242511e+06,6.384104e+06,7.829560e+00
118.10,5.057952e+08,1.264898e+06,6.464910e+06,7.867951e+00
118.20,5.174969e+08,1.287689e+06,6.546443e+06,7.906392e+00
118.30,5.294693e+08,1.310889e+06,6.628708e+06,7.944883e+00
118.40,5.417187e+08,1.334508e+06,6.711709e+06,7.983423e+00
118.50,5.542515e+08,1.358553e+06,6.795449e+06,8.022012e+00
118.60,5.670742e+08,1.383031e+06,6.879932e+06,8.060651e+00
118.70,5.801936e+08,1.407950e+06,6.965163e+06,8.099338e+00
118.80,5.936165e+08,1.433317e+06,7.051145e+06,8.138075e+00
118.90,6.073500e+08,1.459142e+06,7.137882e+06,8.176860e+00
119.00,6.214011e+08,1.485432e+06,7.225378e+06,8.215694e+00
119.10,6.357774e+08,1.512196e+06,7.313637e+06,8.254577e+00
119.20,6.504862e+08,1.539442e+06,7.402663e+06,8.293508e+00
119.30,6.655354e+08,1.567179e+06,7.492460e+06,8.332487e+00
119.40,6.809327e+08,1.595416e+06,7.583032e+06,8.371515e+00
119.50,6.966862e+08,1.624161e+06,7.674383e+06,8.410591e+00
119.60,7.128042e+08,1.653425e+06,7.766517e+06,8.449714e+00
119.70,7.292951e+08,1.683215e+06,7.859437e+06,8.488886e+00
119.80,7.461675e+08,1.713543e+06,7.953149e+06,8.528106e+00
119.90,7.634303e+08,1.744417e+06,8.047655e+06,8.567373e+00
120.00,7.810924e+08,1.775847e+06,8.142961e+06,8.606688e+00
120.10,7.991632e+08,1.807843e+06,8.239063e+06,8.646048e+00
120.20,8.176520e+08,1.840416e+06,8.335959e+06,8.685450e+00
120.30,8.365685e+08,1.873576e+06,8.433653e+06,8.724894e+00
120.40,8.559227e+08,1.907333e+06,8.532149e+06,8.764380e+00
120.50,8.757247e+08,1.941698e+06,8.631450e+06,8.803908e+00
120.60,8.959848e+08,1.976683e+06,8.731560e+06,8.843478e+00
120.70,9.167136e+08,2.012298e+06,8.832484e+06,8.883089e+00
120.80,9.379220e+08,2.048555e+06,8.934224e+06,8.922743e+00
120.90,9.596210e+08,2.085465e+06,9.036785e+06,8.962437e+00
121.00,9.818221e+08,2.123039e+06,9.140171e+06,9.002173e+00
121.10,1.004537e+09,2.161291e+06,9.244384e+06,9.041951e+00
121.20,1.027777e+09,2.200233e+06,9.349430e+06,9.081769e+00
121.30,1.051555e+09,2.239875e+06,9.455311e+06,9.121629e+00
121.40,1.075883e+09,2.280232e+06,9.562032e+06,9.161530e+00
121.50,1.100774e+09,2.321316e+06,9.669596e+06,9.201471e+00
121.60,1.126240e+09,2.363141e+06,9.778007e+06,9.241453e+00
121.70,1.152296e+09,2.405719e+06,9.887269e+06,9.281476e+00
121.80,1.178955e+09,2.449064e+06,9.997386e+06,9.321540e+00
121.90,1.206230e+09,2.493190e+06,1.010836e+07,9.361644e+00
122.00,1.234136e+09,2.538111e+06,1.022020e+07,9.401788e+00
122.10,1.262688e+09,2.583842e+06,1.033290e+07,9.441973e+00
122.20,1.291901e+09,2.630396e+06,1.044648e+07,9.482197e+00
122.30,1.321789e+09,2.677789e+06,1.056093e+07,9.522462e+00
122.40,1.352369e+09,2.726037e+06,1.067625e+07,9.562767e+00
122.50,1.383657e+09,2.775153e+06,1.079246e+07,9.603111e+00
122.60,1.415668e+09,2.825154e+06,1.090955e+07,9.643496e+00
122.70,1.448420e+09,2.876057e+06,1.102753e+07,9.683920e+00
122.80,1.481929e+09,2.927876e+06,1.114641e+07,9.724384e+00
122.90,1.516214e+09,2.980629e+06,1.126618e+07,9.764887e+00
123.00,1.551292e+09,3.034333e+06,1.138685e+07,9.805429e+00
123.10,1.587181e+09,3.089004e+06,1.150843e+07,9.846011e+00
123.20,1.623901e+09,3.144660e+06,1.163092e+07,9.886632e+00
123.30,1.661471e+09,3.201319e+06,1.175432e+07,9.927292e+00
123.40,1.699909e+09,3.258999e+06,1.187863e+07,9.967991e+00
123.50,1.739237e+09,3.317718e+06,1.200387e+07,1.000873e+01
123.60,1.779475e+09,3.377496e+06,1.213003e+07,1.004951e+01
123.70,1.820643e+09,3.438350e+06,1.225712e+07,1.009032e+01
123.80,1.862764e+09,3.500300e+06,1.238513e+07,1.013118e+01
123.90,1.905860e+09,3.563367e+06,1.251409e+07,1.017207e+01
124.00,1.949952e+09,3.627570e+06,1.264398e+07,1.021300e+01
124.10,1.995065e+09,3.692930e+06,1.277482e+07,1.025397e+01
124.20,2.041221e+09,3.759468e+06,1.290661e+07,1.029498e+01
124.30,2.088445e+09,3.827204e+06,1.303935e+07,1.033602e+01
124.40,2.136762e+09,3.896161e+06,1.317304e+07,1.037711e+01
124.50,2.186196e+09,3.966360e+06,1.330769e+07,1.041823e+01
124.60,2.236774e+09,4.037824e+06,1.344331e+07,1.045939e+01
124.70,2.288523e+09,4.110576e+06,1.357989e+07,1.050059e+01
124.80,2.341468e+09,4.184638e+06,1.371744e+07,1.054183e+01
124.90,2.395638e+09,4.260035e+06,1.385597e+07,1.058310e+01
125.00,2.451062e+09,4.336790e+06,1.399548e+07,1.062441e+01
125.10,2.507768e+09,4.414928e+06,1.413597e+07,1.066576e+01
125.20,2.565786e+09,4.494475e+06,1.427744e+07,1.070714e+01
125.30,2.625146e+09,4.575454e+06,1.441991e+07,1.074857e+01
125.40,2.685879e+09,4.657892e+06,1.456337e+07,1.079003e+01
125.50,2.748017e+09,4.741816e+06,1.470783e+07,1.083153e+01
125.60,2.811593e+09,4.827252e+06,1.485330e+07,1.087306e+01
125.70,2.876640e+09,4.914227e+06,1.499977e+07,1.091463e+01
125.80,2.943192e+09,5.002769e+06,1.514725e+07,1.095624e+01
125.90,3.011283e+09,5.092907e+06,1.529574e+07,1.099789e+01
126.00,3.080950e+09,5.184668e+06,1.544526e+07,1.103957e+01
126.10,3.152229e+09,5.278083e+06,1.559579e+07,1.108129e+01
126.20,3.225156e+09,5.373181e+06,1.574736e+07,1.112304e+01
126.30,3.299771e+09,5.469993e+06,1.589995e+07,1.116484e+01
126.40,3.376112e+09,5.568549e+06,1.605358e+07,1.120666e+01
126.50,3.454219e+09,5.668880e+06,1.620824e+07,1.124853e+01
126.60,3.534133e+09,5.771020e+06,1.636395e+07,1.129043e+01
126.70,3.615896e+09,5.874999e+06,1.652070e+07,1.133237e+01
126.80,3.699551e+09,5.980852e+06,1.667851e+07,1.137434e+01
126.90,3.785141e+09,6.088612e+06,1.683737e+07,1.141635e+01
127.00,3.872711e+09,6.198314e+06,1.699728e+07,1.145840e+01
127.10,3.962307e+09,6.309992e+06,1.715826e+07,1.150048e+01
127.20,4.053976e+09,6.423683e+06,1.732031e+07,1.154260e+01
127.30,4.147765e+09,6.539422e+06,1.748343e+07,1.158475e+01
127.40,4.243725e+09,6.657246e+06,1.764762e+07,1.162694e+01
127.50,4.341904e+09,6.777193e+06,1.781289e+07,1.166916e+01
127.60,4.442355e+09,6.899302e+06,1.797924e+07,1.171142e+01
127.70,4.545130e+09,7.023610e+06,1.814668e+07,1.175371e+01
127.80,4.650283e+09,7.150158e+06,1.831521e+07,1.179604e+01
127.90,4.757868e+09,7.278986e+06,1.848483e+07,1.183841e+01
128.00,4.867942e+09,7.410136e+06,1.865555e+07,1.188081e+01
128.10,4.980563e+09,7.543648e+06,1.882738e+07,1.192325e+01
128.20,5.095790e+09,7.679566e+06,1.900031e+07,1.196572e+01
128.30,5.213682e+09,7.817933e+06,1.917435e+07,1.200822e+01
128.40,5.334302e+09,7.958793e+06,1.934951e+07,1.205076e+01
128.50,5.457712e+09,8.102191e+06,1.952579e+07,1.209334e+01
128.60,5.583978e+09,8.248172e+06,1.970319e+07,1.213595e+01
128.70,5.713164e+09,8.396784e+06,1.988171e+07,1.217859e+01
128.80,5.845339e+09,8.548073e+06,2.006137e+07,1.222127e+01
128.90,5.980573e+09,8.702088e+06,2.024216e+07,1.226399e+01
129.00,6.118935e+09,8.858879e+06,2.042410e+07,1.230674e+01
129.10,6.260498e+09,9.018494e+06,2.060717e+07,1.234952e+01
129.20,6.405336e+09,9.180985e+06,2.079139e+07,1.239234e+01
129.30,6.553524e+09,9.346403e+06,2.097677e+07,1.243519e+01
129.40,6.705142e+09,9.514803e+06,2.116330e+07,1.247807e+01
129.50,6.860267e+09,9.686236e+06,2.135099e+07,1.252099e+01
129.60,7.018981e+09,9.860758e+06,2.153984e+07,1.256395e+01
129.70,7.181366e+09,1.003842e+07,2.172986e+07,1.260694e+01
129.80,7.347509e+09,1.021929e+07,2.192106e+07,1.264996e+01
129.90,7.517495e+09,1.040342e+07,2.211343e+07,1.269301e+01
130.00,7.691414e+09,1.059086e+07,2.230697e+07,1.273610e+01
130.10,7.869357e+09,1.078168e+07,2.250171e+07,1.277922e+01
130.20,8.051416e+09,1.097594e+07,2.269763e+07,1.282238e+01
130.30,8.237687e+09,1.117370e+07,2.289475e+07,1.286557e+01
130.40,8.428268e+09,1.137503e+07,2.309306e+07,1.290879e+01
130.50,8.623258e+09,1.157998e+07,2.329257e+07,1.295205e+01
130.60,8.822759e+09,1.178862e+07,2.349328e+07,1.299534e+01
130.70,9.026876e+09,1.200102e+07,2.369521e+07,1.303867e+01
130.80,9.235714e+09,1.221725e+07,2.389835e+07,1.308202e+01
130.90,9.449385e+09,1.243737e+07,2.410271e+07,1.312541e+01
131.00,9.667998e+09,1.266146e+07,2.430828e+07,1.316884e+01
131.10,9.891670e+09,1.288959e+07,2.451509e+07,1.321229e+01
131.20,1.012052e+10,1.312183e+07,2.472312e+07,1.325578e+01
131.30,1.035466e+10,1.335825e+07,2.493239e+07,1.329930e+01
131.40,1.059421e+10,1.359894e+07,2.514289e+07,1.334286e+01
131.50,1.083931e+10,1.384396e+07,2.535464e+07,1.338644e+01
131.60,1.109008e+10,1.409339e+07,2.556763e+07,1.343006e+01
131.70,1.134665e+10,1.434732e+07,2.578187e+07,1.347372e+01
131.80,1.160916e+10,1.460582e+07,2.599737e+07,1.351740e+01
131.90,1.187774e+10,1.486898e+07,2.621413e+07,1.356112e+01
132.00,1.215254e+10,1.513688e+07,2.643215e+07,1.360487e+01
132.10,1.243369e+10,1.540961e+07,2.665144e+07,1.364865e+01
132.20,1.272134e+10,1.568726e+07,2.687199e+07,1.369247e+01
132.30,1.301566e+10,1.596990e+07,2.709383e+07,1.373632e+01
132.40,1.331678e+10,1.625764e+07,2.731694e+07,1.378020e+01
132.50,1.362486e+10,1.655056e+07,2.754134e+07,1.382411e+01
132.60,1.394008e+10,1.684876e+07,2.776702e+07,1.386805e+01
132.70,1.426258e+10,1.715234e+07,2.799400e+07,1.391203e+01
132.80,1.459255e+10,1.746138e+07,2.822227e+07,1.395603e+01
132.90,1.493015e+10,1.777599e+07,2.845185e+07,1.400007e+01
133.00,1.527557e+10,1.809627e+07,2.868273e+07,1.404415e+01
133.10,1.562897e+10,1.842232e+07,2.891491e+07,1.408825e+01
133.20,1.599055e+10,1.875425e+07,2.914841e+07,1.413238e+01
133.30,1.636049e+10,1.909215e+07,2.938323e+07,1.417655e+01
133.40,1.673900e+10,1.943614e+07,2.961937e+07,1.422075e+01
133.50,1.712626e+10,1.978634e+07,2.985684e+07,1.426498e+01
133.60,1.752248e+10,2.014284e+07,3.009563e+07,1.430924e+01
133.70,1.792787e+10,2.050576e+07,3.033576e+07,1.435353e+01
133.80,1.834263e+10,2.087522e+07,3.057723e+07,1.439785e+01
133.90,1.876699e+10,2.125134e+07,3.082004e+07,1.444221e+01
134.00,1.920117e+10,2.163424e+07,3.106420e+07,1.448660e+01
134.10,1.964539e+10,2.202404e+07,3.130971e+07,1.453101e+01
134.20,2.009989e+10,2.242086e+07,3.155657e+07,1.457546e+01
134.30,2.056491e+10,2.282482e+07,3.180480e+07,1.461994e+01
134.40,2.104068e+10,2.323607e+07,3.205438e+07,1.466445e+01
134.50,2.152746e+10,2.365473e+07,3.230534e+07,1.470899e+01
134.60,2.202551e+10,2.408093e+07,3.255767e+07,1.475357e+01
134.70,2.253507e+10,2.451481e+07,3.281137e+07,1.479817e+01
134.80,2.305643e+10,2.495650e+07,3.306646e+07,1.484280e+01
134.90,2.358984e+10,2.540616e+07,3.332293e+07,1.488747e+01
135.00,2.413560e+10,2.586392e+07,3.358079e+07,1.493216e+01
135.10,2.469398e+10,2.632992e+07,3.384004e+07,1.497689e+01
135.20,2.526528e+10,2.680432e+07,3.410069e+07,1.502164e+01
135.30,2.584980e+10,2.728727e+07,3.436274e+07,1.506643e+01
135.40,2.644784e+10,2.777892e+07,3.462620e+07,1.511125e+01
135.50,2.705972e+10,2.827942e+07,3.489107e+07,1.515610e+01
135.60,2.768575e+10,2.878895e+07,3.515736e+07,1.520098e+01
135.70,2.832627e+10,2.930766e+07,3.542506e+07,1.524588e+01
135.80,2.898160e+10,2.983571e+07,3.569419e+07,1.529082e+01
135.90,2.965210e+10,3.037327e+07,3.596474e+07,1.533579e+01
136.00,3.033811e+10,3.092052e+07,3.623673e+07,1.538079e+01
136.10,3.103998e+10,3.147764e+07,3.651015e+07,1.542582e+01
136.20,3.175810e+10,3.204479e+07,3.678501e+07,1.547088e+01
136.30,3.249283e+10,3.262215e+07,3.706132e+07,1.551597e+01
136.40,3.324456e+10,3.320992e+07,3.733908e+07,1.556108e+01
136.50,3.401368e+10,3.380829e+07,3.761829e+07,1.560623e+01
136.60,3.480060e+10,3.441743e+07,3.789896e+07,1.565141e+01
136.70,3.560572e+10,3.503754e+07,3.818108e+07,1.569662e+01
136.80,3.642946e+10,3.566883e+07,3.846468e+07,1.574186e+01
136.90,3.727227e+10,3.631150e+07,3.874975e+07,1.578712e+01
137.00,3.813457e+10,3.696574e+07,3.903629e+07,1.583242e+01
137.10,3.901682e+10,3.763177e+07,3.932431e+07,1.587775e+01
137.20,3.991948e+10,3.830981e+07,3.961381e+07,1.592310e+01
137.30,4.084303e+10,3.900005e+07,3.990480e+07,1.596849e+01
137.40,4.178794e+10,3.970274e+07,4.019729e+07,1.601390e+01
137.50,4.275472e+10,4.041808e+07,4.049127e+07,1.605935e+01
137.60,4.374386e+10,4.114632e+07,4.078675e+07,1.610482e+01
137.70,4.475588e+10,4.188767e+07,4.108374e+07,1.615032e+01
137.80,4.579132e+10,4.264239e+07,4.138223e+07,1.619586e+01
137.90,4.685071e+10,4.341070e+07,4.168224e+07,1.624142e+01
138.00,4.793461e+10,4.419285e+07,4.198377e+07,1.628701e+01
138.10,4.904359e+10,4.498910e+07,4.228682e+07,1.633262e+01
138.20,5.017822e+10,4.579969e+07,4.259139e+07,1.637827e+01
138.30,5.133911e+10,4.662489e+07,4.289750e+07,1.642395e+01
138.40,5.252685e+10,4.746495e+07,4.320514e+07,1.646965e+01
138.50,5.374207e+10,4.832015e+07,4.351432e+07,1.651539e+01
138.60,5.498541e+10,4.919076e+07,4.382505e+07,1.656115e+01
138.70,5.625751e+10,5.007706e+07,4.413732e+07,1.660694e+01
138.80,5.755904e+10,5.097933e+07,4.445115e+07,1.665276e+01
138.90,5.889068e+10,5.189785e+07,4.476653e+07,1.669861e+01
139.00,6.025313e+10,5.283292e+07,4.508348e+07,1.674449e+01
139.10,6.164710e+10,5.378484e+07,4.540199e+07,1.679040e+01
139.20,6.307332e+10,5.475391e+07,4.572207e+07,1.683633e+01
139.30,6.453253e+10,5.574044e+07,4.604373e+07,1.688229e+01
139.40,6.602551e+10,5.674474e+07,4.636696e+07,1.692828e+01
139.50,6.755302e+10,5.776714e+07,4.669178e+07,1.697430e+01
139.60,6.911587e+10,5.880797e+07,4.701819e+07,1.702035e+01
139.70,7.071489e+10,5.986754e+07,4.734618e+07,1.706643e+01
139.80,7.235089e+10,6.094621e+07,4.767578e+07,1.711253e+01
139.90,7.402475e+10,6.204431e+07,4.800697e+07,1.715866e+01
140.00,7.573732e+10,6.316219e+07,4.833977e+07,1.720483e+01
140.10,7.748952e+10,6.430022e+07,4.867418e+07,1.725101e+01
140.20,7.928226e+10,6.545875e+07,4.901021e+07,1.729723e+01
140.30,8.111648e+10,6.663816e+07,4.934785e+07,1.734347e+01
140.40,8.299312e+10,6.783881e+07,4.968711e+07,1.738975e+01
140.50,8.491319e+10,6.906110e+07,5.002800e+07,1.743605e+01
140.60,8.687767e+10,7.030541e+07,5.037052e+07,1.748238e+01
140.70,8.888761e+10,7.157214e+07,5.071468e+07,1.752873e+01
140.80,9.094404e+10,7.286169e+07,5.106048e+07,1.757511e+01
140.90,9.304805e+10,7.417448e+07,5.140792e+07,1.762153e+01
141.00,9.520074e+10,7.551092e+07,5.175702e+07,1.766796e+01
141.10,9.740323e+10,7.687144e+07,5.210776e+07,1.771443e+01
141.20,9.965668e+10,7.825648e+07,5.246016e+07,1.776092e+01
141.30,1.019623e+11,7.966647e+07,5.281423e+07,1.780745e+01
141.40,1.043212e+11,8.110186e+07,5.316996e+07,1.785399e+01
141.50,1.067347e+11,8.256312e+07,5.352736e+07,1.790057e+01
141.60,1.092040e+11,8.405070e+07,5.388644e+07,1.794717e+01
141.70,1.117305e+11,8.556509e+07,5.424720e+07,1.799380e+01
141.80,1.143154e+11,8.710676e+07,5.460964e+07,1.804046e+01
141.90,1.169601e+11,8.867621e+07,5.497377e+07,1.808715e+01
142.00,1.196660e+11,9.027393e+07,5.533960e+07,1.813386e+01
142.10,1.224345e+11,9.190045e+07,5.570712e+07,1.818060e+01
142.20,1.252670e+11,9.355627e+07,5.607634e+07,1.822737e+01
142.30,1.281651e+11,9.524192e+07,5.644727e+07,1.827416e+01
142.40,1.311302e+11,9.695795e+07,5.681992e+07,1.832098e+01
142.50,1.341640e+11,9.870489e+07,5.719427e+07,1.836783e+01
142.60,1.372679e+11,1.004833e+08,5.757035e+07,1.841470e+01
142.70,1.404436e+11,1.022938e+08,5.794815e+07,1.846160e+01
142.80,1.436928e+11,1.041369e+08,5.832768e+07,1.850853e+01
142.90,1.470172e+11,1.060131e+08,5.870894e+07,1.855549e+01
143.00,1.504184e+11,1.079232e+08,5.909194e+07,1.860247e+01
143.10,1.538984e+11,1.098677e+08,5.947668e+07,1.864948e+01
143.20,1.574589e+11,1.118473e+08,5.986316e+07,1.869651e+01
143.30,1.611017e+11,1.138625e+08,6.025140e+07,1.874357e+01
143.40,1.648289e+11,1.159140e+08,6.064140e+07,1.879066e+01
143.50,1.686422e+11,1.180025e+08,6.103315e+07,1.883778e+01
143.60,1.725438e+11,1.201286e+08,6.142667e+07,1.888492e+01
143.70,1.765356e+11,1.222930e+08,6.182195e+07,1.893208e+01
143.80,1.806198e+11,1.244965e+08,6.221901e+07,1.897928e+01
143.90,1.847985e+11,1.267396e+08,6.261785e+07,1.902650e+01
144.00,1.890739e+11,1.290231e+08,6.301847e+07,1.907374e+01
144.10,1.934481e+11,1.313478e+08,6.342087e+07,1.912102e+01
144.20,1.979236e+11,1.337144e+08,6.382507e+07,1.916832e+01
144.30,2.025026e+11,1.361236e+08,6.423106e+07,1.921564e+01
144.40,2.071875e+11,1.385762e+08,6.463885e+07,1.926299e+01
144.50,2.119809e+11,1.410730e+08,6.504844e+07,1.931037e+01
144.60,2.168851e+11,1.436148e+08,6.545985e+07,1.935777e+01
144.70,2.219028e+11,1.462023e+08,6.587307e+07,1.940520e+01
144.80,2.270365e+11,1.488366e+08,6.628810e+07,1.945266e+01
144.90,2.322891e+11,1.515182e+08,6.670496e+07,1.950014e+01
145.00,2.376631e+11,1.542482e+08,6.712364e+07,1.954765e+01
145.10,2.431615e+11,1.570274e+08,6.754416e+07,1.959518e+01
145.20,2.487871e+11,1.598566e+08,6.796651e+07,1.964274e+01
145.30,2.545429e+11,1.627368e+08,6.839070e+07,1.969033e+01
145.40,2.604318e+11,1.656690e+08,6.881674e+07,1.973794e+01
145.50,2.664569e+11,1.686539e+08,6.924462e+07,1.978557e+01
145.60,2.726215e+11,1.716926e+08,6.967436e+07,1.983323e+01
145.70,2.789286e+11,1.747861e+08,7.010596e+07,1.988092e+01
145.80,2.853817e+11,1.779353e+08,7.053942e+07,1.992863e+01
145.90,2.919841e+11,1.811413e+08,7.097475e+07,1.997637e+01
146.00,2.987392e+11,1.844050e+08,7.141195e+07,2.002414e+01
146.10,3.056506e+11,1.877275e+08,7.185102e+07,2.007193e+01
146.20,3.127219e+11,1.911099e+08,7.229198e+07,2.011974e+01
146.30,3.199568e+11,1.945532e+08,7.273482e+07,2.016758e+01
146.40,3.273591e+11,1.980586e+08,7.317955e+07,2.021545e+01
146.50,3.349326e+11,2.016271e+08,7.362618e+07,2.026334e+01
146.60,3.426813e+11,2.052600e+08,7.407470e+07,2.031126e+01
146.70,3.506093e+11,2.089583e+08,7.452513e+07,2.035920e+01
146.80,3.587208e+11,2.127232e+08,7.497747e+07,2.040716e+01
146.90,3.670199e+11,2.165559e+08,7.543172e+07,2.045516e+01
147.00,3.755109e+11,2.204577e+08,7.588788e+07,2.050317e+01
147.10,3.841985e+11,2.244298e+08,7.634597e+07,2.055122e+01
147.20,3.930870e+11,2.284735e+08,7.680598e+07,2.059928e+01
147.30,4.021812e+11,2.325900e+08,7.726792e+07,2.064738e+01
147.40,4.114857e+11,2.367807e+08,7.773180e+07,2.069549e+01
147.50,4.210055e+11,2.410469e+08,7.819762e+07,2.074363e+01
147.60,4.307456e+11,2.453900e+08,7.866538e+07,2.079180e+01
147.70,4.407110e+11,2.498113e+08,7.913509e+07,2.083999e+01
147.80,4.509069e+11,2.543123e+08,7.960675e+07,2.088821e+01
147.90,4.613388e+11,2.588944e+08,8.008037e+07,2.093645e+01
148.00,4.720119e+11,2.635590e+08,8.055596e+07,2.098472e+01
148.10,4.829320e+11,2.683077e+08,8.103351e+07,2.103301e+01
148.20,4.941048e+11,2.731419e+08,8.151303e+07,2.108132e+01
148.30,5.055360e+11,2.780633e+08,8.199453e+07,2.112966e+01
148.40,5.172317e+11,2.830733e+08,8.247800e+07,2.117803e+01
148.50,5.291980e+11,2.881736e+08,8.296347e+07,2.122642e+01
148.60,5.414411e+11,2.933658e+08,8.345092e+07,2.127483e+01
148.70,5.539674e+11,2.986515e+08,8.394037e+07,2.132327e+01
148.80,5.667836e+11,3.040325e+08,8.443181e+07,2.137173e+01
148.90,5.798963e+11,3.095104e+08,8.492526e+07,2.142022e+01
149.00,5.933123e+11,3.150870e+08,8.542072e+07,2.146873e+01
149.10,6.070387e+11,3.207641e+08,8.591818e+07,2.151727e+01
149.20,6.210827e+11,3.265435e+08,8.641767e+07,2.156583e+01
149.30,6.354516e+11,3.324270e+08,8.691918e+07,2.161441e+01
149.40,6.501529e+11,3.384165e+08,8.742271e+07,2.166302e+01
149.50,6.651943e+11,3.445139e+08,8.792827e+07,2.171165e+01
149.60,6.805838e+11,3.507212e+08,8.843587e+07,2.176031e+01
149.70,6.963292e+11,3.570403e+08,8.894551e+07,2.180899e+01
149.80,7.124389e+11,3.634733e+08,8.945719e+07,2.185770e+01
149.90,7.289214e+11,3.700222e+08,8.997093e+07,2.190643e+01
150.00,7.457851e+11,3.766891e+08,9.048671e+07,2.195518e+01
150.10,7.630391e+11,3.834761e+08,9.100491e+07,2.200399e+01
150.20,7.806921e+11,3.903854e+08,9.152589e+07,2.205289e+01
150.30,7.987536e+11,3.974192e+08,9.204967e+07,2.210189e+01
150.40,8.172330e+11,4.045797e+08,9.257625e+07,2.215097e+01
150.50,8.361398e+11,4.118692e+08,9.310566e+07,2.220015e+01
150.60,8.554841e+11,4.192901e+08,9.363790e+07,2.224941e+01
150.70,8.752759e+11,4.268447e+08,9.417299e+07,2.229877e+01
150.80,8.955257e+11,4.345354e+08,9.471095e+07,2.234822e+01
150.90,9.162438e+11,4.423646e+08,9.525179e+07,2.239777e+01
151.00,9.374414e+11,4.503349e+08,9.579552e+07,2.244740e+01
151.10,9.591293e+11,4.584489e+08,9.634216e+07,2.249713e+01
151.20,9.813189e+11,4.667090e+08,9.689173e+07,2.254695e+01
151.30,1.004022e+12,4.751179e+08,9.744423e+07,2.259686e+01
151.40,1.027250e+12,4.836784e+08,9.799968e+07,2.264686e+01
151.50,1.051016e+12,4.923931e+08,9.855810e+07,2.269696e+01
151.60,1.075331e+12,5.012648e+08,9.911950e+07,2.274715e+01
151.70,1.100209e+12,5.102963e+08,9.968390e+07,2.279743e+01
151.80,1.125663e+12,5.194906e+08,1.002513e+08,2.284781e+01
151.90,1.151706e+12,5.288506e+08,1.008217e+08,2.289828e+01
152.00,1.178350e+12,5.383791e+08,1.013952e+08,2.294884e+01
152.10,1.205612e+12,5.480794e+08,1.019718e+08,2.299950e+01
152.20,1.233504e+12,5.579545e+08,1.025514e+08,2.305025e+01
152.30,1.262041e+12,5.680074e+08,1.031340e+08,2.310110e+01
152.40,1.291239e+12,5.782415e+08,1.037198e+08,2.315204e+01
152.50,1.321112e+12,5.886600e+08,1.043087e+08,2.320307e+01
152.60,1.351676e+12,5.992662e+08,1.049008e+08,2.325420e+01
152.70,1.382948e+12,6.100635e+08,1.054960e+08,2.330542e+01
152.80,1.414942e+12,6.210553e+08,1.060943e+08,2.335673e+01
152.90,1.447677e+12,6.322452e+08,1.066959e+08,2.340814e+01
153.00,1.481170e+12,6.436367e+08,1.073006e+08,2.345965e+01
153.10,1.515437e+12,6.552335e+08,1.079085e+08,2.351125e+01
153.20,1.550497e+12,6.670392e+08,1.085197e+08,2.356295e+01
153.30,1.586368e+12,6.790576e+08,1.091341e+08,2.361474e+01
153.40,1.623069e+12,6.912925e+08,1.097518e+08,2.366663e+01
153.50,1.660619e+12,7.037479e+08,1.103727e+08,2.371861e+01
153.60,1.699038e+12,7.164277e+08,1.109970e+08,2.377069e+01
153.70,1.738346e+12,7.293360e+08,1.116245e+08,2.382286e+01
153.80,1.778563e+12,7.424768e+08,1.122554e+08,2.387513e+01
153.90,1.819710e+12,7.558544e+08,1.128896e+08,2.392750e+01
154.00,1.861809e+12,7.694730e+08,1.135272e+08,2.397996e+01
154.10,1.904883e+12,7.833370e+08,1.141681e+08,2.403252e+01
154.20,1.948953e+12,7.974508e+08,1.148125e+08,2.408517e+01
154.30,1.994042e+12,8.118189e+08,1.154602e+08,2.413792e+01
154.40,2.040175e+12,8.264459e+08,1.161114e+08,2.419077e+01
154.50,2.087375e+12,8.413364e+08,1.167660e+08,2.424372e+01
154.60,2.135667e+12,8.564952e+08,1.174240e+08,2.429676e+01
154.70,2.185076e+12,8.719272e+08,1.180855e+08,2.434990e+01
154.80,2.235628e+12,8.876371e+08,1.187506e+08,2.440314e+01
154.90,2.287350e+12,9.036302e+08,1.194191e+08,2.445647e+01
155.00,2.340268e+12,9.199114e+08,1.200912e+08,2.450991e+01
155.10,2.394411e+12,9.364859e+08,1.207668e+08,2.456344e+01
155.20,2.449806e+12,9.533591e+08,1.214459e+08,2.461707e+01
155.30,2.506483e+12,9.705363e+08,1.221287e+08,2.467079e+01
155.40,2.564471e+12,9.880229e+08,1.228150e+08,2.472462e+01
155.50,2.623800e+12,1.005825e+09,1.235050e+08,2.477854e+01
155.60,2.684503e+12,1.023947e+09,1.241986e+08,2.483257e+01
155.70,2.746609e+12,1.042396e+09,1.248958e+08,2.488669e+01
155.80,2.810153e+12,1.061178e+09,1.255967e+08,2.494091e+01
155.90,2.875166e+12,1.080297e+09,1.263013e+08,2.499523e+01
156.00,2.941684e+12,1.099762e+09,1.270096e+08,2.504964e+01
156.10,3.009740e+12,1.119577e+09,1.277216e+08,2.510416e+01
156.20,3.079371e+12,1.139749e+09,1.284373e+08,2.515878e+01
156.30,3.150613e+12,1.160284e+09,1.291568e+08,2.521349e+01
156.40,3.223503e+12,1.181190e+09,1.298801e+08,2.526831e+01
156.50,3.298080e+12,1.202472e+09,1.306072e+08,2.532323e+01
156.60,3.374382e+12,1.224137e+09,1.313381e+08,2.537824e+01
156.70,3.452449e+12,1.246193e+09,1.320728e+08,2.543336e+01
156.80,3.532322e+12,1.268647e+09,1.328114e+08,2.548857e+01
156.90,3.614043e+12,1.291504e+09,1.335538e+08,2.554389e+01
157.00,3.697655e+12,1.314774e+09,1.343001e+08,2.559931e+01
157.10,3.783201e+12,1.338463e+09,1.350504e+08,2.565483e+01
157.20,3.870726e+12,1.362579e+09,1.358045e+08,2.571045e+01
157.30,3.960276e+12,1.387129e+09,1.365626e+08,2.576617e+01
157.40,4.051898e+12,1.412122e+09,1.373247e+08,2.582199e+01
157.50,4.145640e+12,1.437565e+09,1.380908e+08,2.587791e+01
157.60,4.241550e+12,1.463466e+09,1.388608e+08,2.593393e+01
157.70,4.339679e+12,1.489834e+09,1.396349e+08,2.599006e+01
157.80,4.440079e+12,1.516677e+09,1.404130e+08,2.604629e+01
157.90,4.542801e+12,1.544004e+09,1.411952e+08,2.610262e+01
158.00,4.647900e+12,1.571823e+09,1.419815e+08,2.615905e+01
158.10,4.755430e+12,1.600144e+09,1.427719e+08,2.621558e+01
158.20,4.865448e+12,1.628974e+09,1.435663e+08,2.627222e+01
158.30,4.978011e+12,1.658325e+09,1.443650e+08,2.632896e+01
158.40,5.093179e+12,1.688203e+09,1.451678e+08,2.638580e+01
158.50,5.211010e+12,1.718621e+09,1.459747e+08,2.644274e+01
158.60,5.331568e+12,1.749586e+09,1.467859e+08,2.649979e+01
158.70,5.454915e+12,1.781109e+09,1.476013e+08,2.655694e+01
158.80,5.581116e+12,1.813200e+09,1.484210e+08,2.661419e+01
158.90,5.710236e+12,1.845870e+09,1.492449e+08,2.667155e+01
159.00,5.842344e+12,1.879128e+09,1.500731e+08,2.672901e+01
159.10,5.977508e+12,1.912985e+09,1.509056e+08,2.678657e+01
159.20,6.115799e+12,1.947452e+09,1.517424e+08,2.684424e+01
159.30,6.257289e+12,1.982541e+09,1.525835e+08,2.690202e+01
159.40,6.402053e+12,2.018261e+09,1.534291e+08,2.695989e+01
159.50,6.550166e+12,2.054625e+09,1.542790e+08,2.701787e+01
159.60,6.701706e+12,2.091645e+09,1.551333e+08,2.707596e+01
159.70,6.856751e+12,2.129331e+09,1.559921e+08,2.713415e+01
159.80,7.015384e+12,2.167696e+09,1.568553e+08,2.719244e+01
159.90,7.177686e+12,2.206753e+09,1.577230e+08,2.725084e+01
160.00,7.343744e+12,2.246513e+09,1.585952e+08,2.730934e+01
160.10,7.513643e+12,2.286990e+09,1.594719e+08,2.736795e+01
160.20,7.687473e+12,2.328195e+09,1.603532e+08,2.742667e+01
160.30,7.865324e+12,2.370144e+09,1.612390e+08,2.748549e+01
160.40,8.047290e+12,2.412848e+09,1.621294e+08,2.754442e+01
160.50,8.233466e+12,2.456322e+09,1.630244e+08,2.760345e+01
160.60,8.423949e+12,2.500578e+09,1.639240e+08,2.766259e+01
160.70,8.618839e+12,2.545633e+09,1.648283e+08,2.772183e+01
160.80,8.818238e+12,2.591499e+09,1.657372e+08,2.778118e+01
160.90,9.022250e+12,2.638191e+09,1.666508e+08,2.784064e+01
161.00,9.230981e+12,2.685725e+09,1.675692e+08,2.790020e+01
161.10,9.444542e+12,2.734115e+09,1.684923e+08,2.795987e+01
161.20,9.663044e+12,2.783377e+09,1.694202e+08,2.801965e+01
161.30,9.886601e+12,2.833527e+09,1.703528e+08,2.807953e+01
161.40,1.011533e+13,2.884580e+09,1.712903e+08,2.813952e+01
161.50,1.034935e+13,2.936553e+09,1.722326e+08,2.819962e+01
161.60,1.058878e+13,2.989462e+09,1.731797e+08,2.825983e+01
161.70,1.083376e+13,3.043325e+09,1.741317e+08,2.832014e+01
161.80,1.108440e+13,3.098158e+09,1.750887e+08,2.838057e+01
161.90,1.134084e+13,3.153979e+09,1.760505e+08,2.844109e+01
162.00,1.160321e+13,3.210806e+09,1.770173e+08,2.850173e+01
162.10,1.187166e+13,3.268657e+09,1.779891e+08,2.856248e+01
162.20,1.214631e+13,3.327550e+09,1.789658e+08,2.862333e+01
162.30,1.242732e+13,3.387504e+09,1.799476e+08,2.868430e+01
162.40,1.271483e+13,3.448539e+09,1.809345e+08,2.874537e+01
162.50,1.300899e+13,3.510673e+09,1.819264e+08,2.880655e+01
162.60,1.330995e+13,3.573927e+09,1.829234e+08,2.886784e+01
162.70,1.361788e+13,3.638320e+09,1.839255e+08,2.892924e+01
162.80,1.393293e+13,3.703874e+09,1.849327e+08,2.899075e+01
162.90,1.425527e+13,3.770608e+09,1.859452e+08,2.905236e+01
163.00,1.458507e+13,3.838545e+09,1.869628e+08,2.911409e+01
163.10,1.492250e+13,3.907706e+09,1.879856e+08,2.917593e+01
163.20,1.526774e+13,3.978114e+09,1.890137e+08,2.923788e+01
163.30,1.562096e+13,4.049790e+09,1.900470e+08,2.929993e+01
163.40,1.598236e+13,4.122757e+09,1.910856e+08,2.936210e+01
163.50,1.635211e+13,4.197039e+09,1.921296e+08,2.942438e+01
163.60,1.673042e+13,4.272659e+09,1.931788e+08,2.948677e+01
163.70,1.711748e+13,4.349642e+09,1.942335e+08,2.954927e+01
163.80,1.751350e+13,4.428012e+09,1.952935e+08,2.961188e+01
163.90,1.791868e+13,4.507793e+09,1.963590e+08,2.967460e+01
164.00,1.833323e+13,4.589013e+09,1.974299e+08,2.973743e+01
164.10,1.875737e+13,4.671695e+09,1.985063e+08,2.980038e+01
164.20,1.919133e+13,4.755868e+09,1.995881e+08,2.986344e+01
164.30,1.963533e+13,4.841557e+09,2.006755e+08,2.992660e+01
164.40,2.008959e+13,4.928790e+09,2.017685e+08,2.998988e+01
164.50,2.055437e+13,5.017594e+09,2.028670e+08,3.005327e+01
164.60,2.102990e+13,5.107999e+09,2.039711e+08,3.011678e+01
164.70,2.151643e+13,5.200033e+09,2.050808e+08,3.018039e+01
164.80,2.201422e+13,5.293724e+09,2.061962e+08,3.024412e+01
164.90,2.252352e+13,5.389104e+09,2.073173e+08,3.030796e+01
165.00,2.304461e+13,5.486203e+09,2.084441e+08,3.037192e+01
165.10,2.357775e+13,5.585051e+09,2.095766e+08,3.043599e+01
165.20,2.412323e+13,5.685679e+09,2.107149e+08,3.050017e+01
165.30,2.468133e+13,5.788121e+09,2.118590e+08,3.056446e+01
165.40,2.525233e+13,5.892409e+09,2.130089e+08,3.062887e+01
165.50,2.583655e+13,5.998576e+09,2.141646e+08,3.069339e+01
165.60,2.643429e+13,6.106655e+09,2.153262e+08,3.075802e+01
165.70,2.704585e+13,6.216682e+09,2.164937e+08,3.082277e+01
165.80,2.767156e+13,6.328691e+09,2.176672e+08,3.088763e+01
165.90,2.831175e+13,6.442719e+09,2.188466e+08,3.095261e+01
166.00,2.896675e+13,6.558801e+09,2.200320e+08,3.101770e+01
166.10,2.963690e+13,6.676974e+09,2.212233e+08,3.108291e+01
166.20,3.032256e+13,6.797277e+09,2.224208e+08,3.114823e+01
166.30,3.102408e+13,6.919747e+09,2.236243e+08,3.121366e+01
166.40,3.174183e+13,7.044424e+09,2.248339e+08,3.127921e+01
166.50,3.247618e+13,7.171347e+09,2.260496e+08,3.134488e+01
166.60,3.322752e+13,7.300557e+09,2.272715e+08,3.141066e+01
166.70,3.399625e+13,7.432095e+09,2.284996e+08,3.147656e+01
166.80,3.478276e+13,7.566003e+09,2.297339e+08,3.154257e+01
166.90,3.558747e+13,7.702324e+09,2.309744e+08,3.160870e+01
167.00,3.641079e+13,7.841100e+09,2.322212e+08,3.167494e+01
167.10,3.725317e+13,7.982378e+09,2.334743e+08,3.174130e+01
167.20,3.811503e+13,8.126201e+09,2.347337e+08,3.180778e+01
167.30,3.899683e+13,8.272615e+09,2.359995e+08,3.187438e+01
167.40,3.989903e+13,8.421667e+09,2.372717e+08,3.194109e+01
167.50,4.082210e+13,8.573404e+09,2.385503e+08,3.200791e+01
167.60,4.176653e+13,8.727876e+09,2.398354e+08,3.207486e+01
167.70,4.273281e+13,8.885131e+09,2.411269e+08,3.214192e+01
167.80,4.372144e+13,9.045219e+09,2.424250e+08,3.220910e+01
167.90,4.473294e+13,9.208192e+09,2.437296e+08,3.227639e+01
168.00,4.576785e+13,9.374101e+09,2.450407e+08,3.234381e+01
168.10,4.682670e+13,9.542999e+09,2.463585e+08,3.241134e+01
168.20,4.791005e+13,9.714940e+09,2.476829e+08,3.247899e+01
168.30,4.901846e+13,9.889979e+09,2.490140e+08,3.254676e+01
168.40,5.015251e+13,1.006817e+10,2.503518e+08,3.261464e+01
168.50,5.131280e+13,1.024958e+10,2.516963e+08,3.268265e+01
168.60,5.249993e+13,1.043425e+10,2.530476e+08,3.275077e+01
168.70,5.371453e+13,1.062225e+10,2.544057e+08,3.281902e+01
168.80,5.495723e+13,1.081363e+10,2.557705e+08,3.288738e+01
168.90,5.622868e+13,1.100847e+10,2.571423e+08,3.295586e+01
169.00,5.752954e+13,1.120681e+10,2.585209e+08,3.302446e+01
169.10,5.886050e+13,1.140873e+10,2.599065e+08,3.309318e+01
169.20,6.022225e+13,1.161429e+10,2.612990e+08,3.316202e+01
169.30,6.161550e+13,1.182355e+10,2.626985e+08,3.323098e+01
169.40,6.304099e+13,1.203658e+10,2.641050e+08,3.330005e+01
169.50,6.449946e+13,1.225345e+10,2.655186e+08,3.336925e+01
169.60,6.599167e+13,1.247423e+10,2.669392e+08,3.343857e+01
169.70,6.751840e+13,1.269898e+10,2.683670e+08,3.350801e+01
169.80,6.908046e+13,1.292779e+10,2.698019e+08,3.357757e+01
169.90,7.067865e+13,1.316072e+10,2.712440e+08,3.364726e+01
170.00,7.231381e+13,1.339784e+10,2.726933e+08,3.371706e+01
170.10,7.398681e+13,1.363924e+10,2.741499e+08,3.378698e+01
170.20,7.569851e+13,1.388498e+10,2.756137e+08,3.385703e+01
170.30,7.744981e+13,1.413515e+10,2.770849e+08,3.392719e+01
170.40,7.924163e+13,1.438983e+10,2.785634e+08,3.399748e+01
170.50,8.107491e+13,1.464910e+10,2.800494e+08,3.406789e+01
170.60,8.295059e+13,1.491305e+10,2.815427e+08,3.413842e+01
170.70,8.486967e+13,1.518174e+10,2.830435e+08,3.420908e+01
170.80,8.683315e+13,1.545528e+10,2.845518e+08,3.427986e+01
170.90,8.884206e+13,1.573374e+10,2.860676e+08,3.435075e+01
171.00,9.089744e+13,1.601723e+10,2.875909e+08,3.442178e+01
171.10,9.300037e+13,1.630582e+10,2.891219e+08,3.449292e+01
171.20,9.515196e+13,1.659961e+10,2.906605e+08,3.456419e+01
171.30,9.735332e+13,1.689869e+10,2.922068e+08,3.463558e+01
171.40,9.960561e+13,1.720317e+10,2.937607e+08,3.470709e+01
171.50,1.019100e+14,1.751313e+10,2.953224e+08,3.477873e+01
171.60,1.042677e+14,1.782867e+10,2.968919e+08,3.485049e+01
171.70,1.066800e+14,1.814990e+10,2.984692e+08,3.492238e+01
171.80,1.091480e+14,1.847691e+10,3.000543e+08,3.499439e+01
171.90,1.116732e+14,1.880982e+10,3.016473e+08,3.506652e+01
172.00,1.142568e+14,1.914873e+10,3.032482e+08,3.513878e+01
172.10,1.169001e+14,1.949374e+10,3.048571e+08,3.521116e+01
172.20,1.196047e+14,1.984497e+10,3.064740e+08,3.528367e+01
172.30,1.223717e+14,2.020253e+10,3.080989e+08,3.535630e+01
172.40,1.252028e+14,2.056653e+10,3.097319e+08,3.542906e+01
172.50,1.280994e+14,2.093709e+10,3.113729e+08,3.550194e+01
172.60,1.310630e+14,2.131432e+10,3.130221e+08,3.557495e+01
172.70,1.340952e+14,2.169835e+10,3.146795e+08,3.564809e+01
172.80,1.371975e+14,2.208930e+10,3.163451e+08,3.572135e+01
172.90,1.403716e+14,2.248730e+10,3.180190e+08,3.579473e+01
173.00,1.436192e+14,2.289246e+10,3.197011e+08,3.586824e+01
173.10,1.469418e+14,2.330493e+10,3.213916e+08,3.594188e+01
173.20,1.503414e+14,2.372483e+10,3.230905e+08,3.601565e+01
173.30,1.538195e+14,2.415229e+10,3.247977e+08,3.608954e+01
173.40,1.573782e+14,2.458745e+10,3.265134e+08,3.616355e+01
173.50,1.610192e+14,2.503046e+10,3.282376e+08,3.623770e+01
173.60,1.647444e+14,2.548145e+10,3.299703e+08,3.631197e+01
173.70,1.685558e+14,2.594056e+10,3.317116e+08,3.638637e+01
173.80,1.724554e+14,2.640794e+10,3.334615e+08,3.646090e+01
173.90,1.764452e+14,2.688375e+10,3.352200e+08,3.653555e+01
174.00,1.805273e+14,2.736813e+10,3.369872e+08,3.661033e+01
174.10,1.847038e+14,2.786124e+10,3.387631e+08,3.668525e+01
174.20,1.889770e+14,2.836323e+10,3.405478e+08,3.676028e+01
174.30,1.933490e+14,2.887426e+10,3.423413e+08,3.683545e+01
174.40,1.978222e+14,2.939451e+10,3.441436e+08,3.691075e+01
174.50,2.023988e+14,2.992412e+10,3.459549e+08,3.698617e+01
174.60,2.070814e+14,3.046328e+10,3.477750e+08,3.706172e+01
174.70,2.118722e+14,3.101215e+10,3.496041e+08,3.713741e+01
174.80,2.167739e+14,3.157092e+10,3.514422e+08,3.721322e+01
174.90,2.217891e+14,3.213975e+10,3.532894e+08,3.728916e+01
175.00,2.269202e+14,3.271883e+10,3.551456e+08,3.736523e+01
175.10,2.321700e+14,3.330834e+10,3.570110e+08,3.744143e+01
175.20,2.375414e+14,3.390847e+10,3.588855e+08,3.751776e+01
175.30,2.430369e+14,3.451942e+10,3.607693e+08,3.759422e+01
175.40,2.486596e+14,3.514137e+10,3.626623e+08,3.767081e+01
175.50,2.544124e+14,3.577454e+10,3.645646e+08,3.774753e+01
175.60,2.602983e+14,3.641910e+10,3.664763e+08,3.782439e+01
175.70,2.663204e+14,3.707529e+10,3.683973e+08,3.790137e+01
175.80,2.724818e+14,3.774329e+10,3.703278e+08,3.797848e+01
175.90,2.787857e+14,3.842333e+10,3.722677e+08,3.805573e+01
176.00,2.852355e+14,3.911563e+10,3.742172e+08,3.813310e+01
176.10,2.918345e+14,3.982039e+10,3.761762e+08,3.821061e+01
176.20,2.985861e+14,4.053786e+10,3.781448e+08,3.828825e+01
176.30,3.054940e+14,4.126825e+10,3.801231e+08,3.836602e+01
176.40,3.125616e+14,4.201180e+10,3.821110e+08,3.844393e+01
176.50,3.197928e+14,4.276875e+10,3.841087e+08,3.852196e+01
176.60,3.271913e+14,4.353934e+10,3.861161e+08,3.860013e+01
176.70,3.347610e+14,4.432381e+10,3.881334e+08,3.867843e+01
176.80,3.425057e+14,4.512242e+10,3.901605e+08,3.875687e+01
176.90,3.504297e+14,4.593541e+10,3.921976e+08,3.883543e+01
177.00,3.585369e+14,4.676306e+10,3.942446e+08,3.891413e+01
177.10,3.668318e+14,4.760561e+10,3.963016e+08,3.899297e+01
177.20,3.753185e+14,4.846335e+10,3.983686e+08,3.907193e+01
177.30,3.840016e+14,4.933654e+10,4.004458e+08,3.915104e+01
177.40,3.928856e+14,5.022546e+10,4.025330e+08,3.923027e+01
177.50,4.019751e+14,5.113040e+10,4.046305e+08,3.930964e+01
177.60,4.112748e+14,5.205164e+10,4.067382e+08,3.938914e+01
177.70,4.207898e+14,5.298948e+10,4.088562e+08,3.946878e+01
177.80,4.305248e+14,5.394422e+10,4.109845e+08,3.954855e+01
177.90,4.404851e+14,5.491617e+10,4.131231e+08,3.962846e+01
178.00,4.506759e+14,5.590562e+10,4.152722e+08,3.970850e+01
178.10,4.611023e+14,5.691290e+10,4.174318e+08,3.978868e+01
178.20,4.717700e+14,5.793833e+10,4.196018e+08,3.986899e+01
178.30,4.826846e+14,5.898224e+10,4.217824e+08,3.994944e+01
178.40,4.938516e+14,6.004495e+10,4.239737e+08,4.003002e+01
178.50,5.052769e+14,6.112681e+10,4.261755e+08,4.011074e+01
178.60,5.169666e+14,6.222817e+10,4.283881e+08,4.019160e+01
178.70,5.289268e+14,6.334937e+10,4.306115e+08,4.027259e+01
178.80,5.411636e+14,6.449077e+10,4.328456e+08,4.035372e+01
178.90,5.536836e+14,6.565273e+10,4.350906e+08,4.043498e+01
179.00,5.664932e+14,6.683563e+10,4.373465e+08,4.051638e+01
179.10,5.795991e+14,6.803984e+10,4.396133e+08,4.059792e+01
179.20,5.930083e+14,6.926575e+10,4.418912e+08,4.067960e+01
179.30,6.067276e+14,7.051375e+10,4.441800e+08,4.076141e+01
179.40,6.207644e+14,7.178424e+10,4.464800e+08,4.084336e+01
179.50,6.351259e+14,7.307761e+10,4.487911e+08,4.092545e+01
179.60,6.498197e+14,7.439429e+10,4.511135e+08,4.100768e+01
179.70,6.648535e+14,7.573469e+10,4.534470e+08,4.109004e+01
179.80,6.802350e+14,7.709924e+10,4.557919e+08,4.117254e+01
179.90,6.959724e+14,7.848838e+10,4.581481e+08,4.125519e+01
180.00,7.120739e+14,7.990255e+10,4.605157e+08,4.133797e+01
180.10,7.285478e+14,8.134220e+10,4.628948e+08,4.142089e+01
180.20,7.454030e+14,8.280778e+10,4.652854e+08,4.150394e+01
180.30,7.626480e+14,8.429977e+10,4.676875e+08,4.158714e+01
180.40,7.802921e+14,8.581865e+10,4.701012e+08,4.167048e+01
180.50,7.983443e+14,8.736489e+10,4.725266e+08,4.175395e+01
180.60,8.168142e+14,8.893899e+10,4.749638e+08,4.183757e+01
180.70,8.357114e+14,9.054145e+10,4.774126e+08,4.192132e+01
180.80,8.550457e+14,9.217278e+10,4.798733e+08,4.200522e+01
180.90,8.748274e+14,9.383351e+10,4.823459e+08,4.208926e+01
181.00,8.950667e+14,9.552416e+10,4.848304e+08,4.217343e+01
181.10,9.157743e+14,9.724527e+10,4.873268e+08,4.225775e+01
181.20,9.369610e+14,9.899739e+10,4.898353e+08,4.234221e+01
181.30,9.586378e+14,1.007811e+11,4.923559e+08,4.242681e+01
181.40,9.808161e+14,1.025969e+11,4.948886e+08,4.251155e+01
181.50,1.003507e+15,1.044454e+11,4.974335e+08,4.259643e+01
181.60,1.026724e+15,1.063273e+11,4.999907e+08,4.268146e+01
181.70,1.050477e+15,1.082431e+11,5.025602e+08,4.276662e+01
181.80,1.074780e+15,1.101933e+11,5.051420e+08,4.285193e+01
181.90,1.099646e+15,1.121787e+11,5.077362e+08,4.293738e+01
182.00,1.125086e+15,1.141999e+11,5.103429e+08,4.302297e+01
182.10,1.151115e+15,1.162575e+11,5.129621e+08,4.310871e+01
182.20,1.177747e+15,1.183522e+11,5.155940e+08,4.319458e+01
182.30,1.204994e+15,1.204846e+11,5.182384e+08,4.328060e+01
182.40,1.232872e+15,1.226554e+11,5.208955e+08,4.336677e+01
182.50,1.261395e+15,1.248654e+11,5.235654e+08,4.345308e+01
182.60,1.290577e+15,1.271152e+11,5.262481e+08,4.353953e+01
182.70,1.320435e+15,1.294055e+11,5.289437e+08,4.362612e+01
182.80,1.350984e+15,1.317370e+11,5.316522e+08,4.371286e+01
182.90,1.382239e+15,1.341106e+11,5.343737e+08,4.379974e+01
183.00,1.414217e+15,1.365270e+11,5.371082e+08,4.388677e+01
183.10,1.446936e+15,1.389868e+11,5.398558e+08,4.397394e+01
183.20,1.480411e+15,1.414910e+11,5.426165e+08,4.406126e+01
183.30,1.514660e+15,1.440404e+11,5.453905e+08,4.414872e+01
183.40,1.549702e+15,1.466356e+11,5.481777e+08,4.423632e+01
183.50,1.585555e+15,1.492776e+11,5.509783e+08,4.432407e+01
183.60,1.622237e+15,1.519672e+11,5.537922e+08,4.441197e+01
183.70,1.659768e+15,1.547053e+11,5.566197e+08,4.450001e+01
183.80,1.698167e+15,1.574927e+11,5.594606e+08,4.458820e+01
183.90,1.737455e+15,1.603303e+11,5.623151e+08,4.467653e+01
184.00,1.777651e+15,1.632191e+11,5.651832e+08,4.476501e+01
184.10,1.818778e+15,1.661599e+11,5.680650e+08,4.485364e+01
184.20,1.860855e+15,1.691537e+11,5.709605e+08,4.494241e+01
184.30,1.903907e+15,1.722014e+11,5.738699e+08,4.503133e+01
184.40,1.947954e+15,1.753041e+11,5.767931e+08,4.512040e+01
184.50,1.993020e+15,1.784626e+11,5.797303e+08,4.520962e+01
184.60,2.039129e+15,1.816781e+11,5.826815e+08,4.529898e+01
184.70,2.086305e+15,1.849515e+11,5.856467e+08,4.538849e+01
184.80,2.134572e+15,1.882838e+11,5.886261e+08,4.547814e+01
184.90,2.183956e+15,1.916763e+11,5.916196e+08,4.556795e+01
185.00,2.234482e+15,1.951298e+11,5.946274e+08,4.565790e+01
185.10,2.286178e+15,1.986455e+11,5.976495e+08,4.574800e+01
185.20,2.339069e+15,2.022246e+11,6.006860e+08,4.583825e+01
185.30,2.393184e+15,2.058682e+11,6.037369e+08,4.592865e+01
185.40,2.448551e+15,2.095775e+11,6.068023e+08,4.601920e+01
185.50,2.505198e+15,2.133535e+11,6.098823e+08,4.610990e+01
185.60,2.563157e+15,2.171976e+11,6.129769e+08,4.620074e+01
185.70,2.622456e+15,2.211110e+11,6.160862e+08,4.629174e+01
185.80,2.683127e+15,2.250949e+11,6.192102e+08,4.638288e+01
185.90,2.745202e+15,2.291505e+11,6.223491e+08,4.647418e+01
186.00,2.808713e+15,2.332793e+11,6.255029e+08,4.656562e+01
186.10,2.873693e+15,2.374824e+11,6.286716e+08,4.665722e+01
186.20,2.940176e+15,2.417612e+11,6.318553e+08,4.674897e+01
186.30,3.008198e+15,2.461172e+11,6.350542e+08,4.684086e+01
186.40,3.077793e+15,2.505516e+11,6.382681e+08,4.693291e+01
186.50,3.148999e+15,2.550659e+11,6.414973e+08,4.702511e+01
186.60,3.221852e+15,2.596616e+11,6.447418e+08,4.711746e+01
186.70,3.296390e+15,2.643400e+11,6.480017e+08,4.720996e+01
186.80,3.372653e+15,2.691028e+11,6.512770e+08,4.730261e+01
186.90,3.450680e+15,2.739514e+11,6.545677e+08,4.739542e+01
187.00,3.530512e+15,2.788873e+11,6.578740e+08,4.748838e+01
187.10,3.612191e+15,2.839122e+11,6.611960e+08,4.758149e+01
187.20,3.695760e+15,2.890276e+11,6.645336e+08,4.767475e+01
187.30,3.781262e+15,2.942351e+11,6.678870e+08,4.776816e+01
187.40,3.868743e+15,2.995365e+11,6.712563e+08,4.786173e+01
187.50,3.958247e+15,3.049334e+11,6.746414e+08,4.795545e+01
187.60,4.049822e+15,3.104276e+11,6.780426e+08,4.804933e+01
187.70,4.143515e+15,3.160207e+11,6.814597e+08,4.814335e+01
187.80,4.239376e+15,3.217146e+11,6.848930e+08,4.823753e+01
187.90,4.337455e+15,3.275111e+11,6.883425e+08,4.833187e+01
188.00,4.437803e+15,3.334121e+11,6.918082e+08,4.842636e+01
188.10,4.540473e+15,3.394193e+11,6.952902e+08,4.852100e+01
188.20,4.645518e+15,3.455348e+11,6.987887e+08,4.861580e+01
188.30,4.752993e+15,3.517605e+11,7.023036e+08,4.871075e+01
188.40,4.862955e+15,3.580984e+11,7.058351e+08,4.880586e+01
188.50,4.975460e+15,3.645504e+11,7.093831e+08,4.890112e+01
188.60,5.090568e+15,3.711187e+11,7.129479e+08,4.899654e+01
188.70,5.208340e+15,3.778054e+11,7.165294e+08,4.909211e+01
188.80,5.328836e+15,3.846125e+11,7.201278e+08,4.918784e+01
188.90,5.452120e+15,3.915423e+11,7.237431e+08,4.928373e+01
189.00,5.578256e+15,3.985969e+11,7.273753e+08,4.937977e+01
189.10,5.707310e+15,4.057786e+11,7.310246e+08,4.947596e+01
189.20,5.839350e+15,4.130898e+11,7.346911e+08,4.957232e+01
189.30,5.974445e+15,4.205326e+11,7.383747e+08,4.966883e+01
189.40,6.112665e+15,4.281096e+11,7.420756e+08,4.976549e+01
189.50,6.254083e+15,4.358231e+11,7.457939e+08,4.986232e+01
189.60,6.398772e+15,4.436755e+11,7.495296e+08,4.995930e+01
189.70,6.546809e+15,4.516695e+11,7.532828e+08,5.005644e+01
189.80,6.698271e+15,4.598074e+11,7.570536e+08,5.015374e+01
189.90,6.853237e+15,4.680920e+11,7.608421e+08,5.025119e+01
190.00,7.011789e+15,4.765259e+11,7.646483e+08,5.034880e+01
190.10,7.174008e+15,4.851117e+11,7.684723e+08,5.044657e+01
190.20,7.339980e+15,4.938522e+11,7.723142e+08,5.054450e+01
190.30,7.509792e+15,5.027502e+11,7.761741e+08,5.064259e+01
190.40,7.683533e+15,5.118085e+11,7.800521e+08,5.074084e+01
190.50,7.861293e+15,5.210301e+11,7.839481e+08,5.083925e+01
190.60,8.043166e+15,5.304178e+11,7.878624e+08,5.093781e+01
190.70,8.229247e+15,5.399746e+11,7.917949e+08,5.103654e+01
190.80,8.419632e+15,5.497036e+11,7.957458e+08,5.113542e+01
190.90,8.614422e+15,5.596079e+11,7.997152e+08,5.123447e+01
191.00,8.813719e+15,5.696906e+11,8.037031e+08,5.133367e+01
191.10,9.017626e+15,5.799551e+11,8.077096e+08,5.143304e+01
191.20,9.226251e+15,5.904044e+11,8.117348e+08,5.153256e+01
191.30,9.439702e+15,6.010421e+11,8.157787e+08,5.163225e+01
191.40,9.658092e+15,6.118714e+11,8.198415e+08,5.173210e+01
191.50,9.881534e+15,6.228958e+11,8.239232e+08,5.183211e+01
191.60,1.011015e+16,6.341188e+11,8.280239e+08,5.193228e+01
191.70,1.034405e+16,6.455441e+11,8.321438e+08,5.203261e+01
191.80,1.058336e+16,6.571752e+11,8.362828e+08,5.213311e+01
191.90,1.082821e+16,6.690159e+11,8.404410e+08,5.223376e+01
192.00,1.107872e+16,6.810699e+11,8.446186e+08,5.233458e+01
192.10,1.133503e+16,6.933411e+11,8.488157e+08,5.243556e+01
192.20,1.159727e+16,7.058334e+11,8.530322e+08,5.253670e+01
192.30,1.186557e+16,7.185507e+11,8.572684e+08,5.263801e+01
192.40,1.214008e+16,7.314973e+11,8.615242e+08,5.273948e+01
192.50,1.242095e+16,7.446770e+11,8.657998e+08,5.284111e+01
192.60,1.270831e+16,7.580943e+11,8.700952e+08,5.294291e+01
192.70,1.300232e+16,7.717533e+11,8.744106e+08,5.304487e+01
192.80,1.330313e+16,7.856584e+11,8.787460e+08,5.314699e+01
192.90,1.361090e+16,7.998140e+11,8.831015e+08,5.324928e+01
193.00,1.392579e+16,8.142247e+11,8.874772e+08,5.335173e+01
193.10,1.424797e+16,8.288950e+11,8.918732e+08,5.345435e+01
193.20,1.457760e+16,8.438296e+11,8.962896e+08,5.355713e+01
193.30,1.491486e+16,8.590334e+11,9.007264e+08,5.366007e+01
193.40,1.525991e+16,8.745110e+11,9.051838e+08,5.376319e+01
193.50,1.561296e+16,8.902676e+11,9.096618e+08,5.386646e+01
193.60,1.597417e+16,9.063080e+11,9.141605e+08,5.396990e+01
193.70,1.634373e+16,9.226374e+11,9.186800e+08,5.407351e+01
193.80,1.672185e+16,9.392611e+11,9.232205e+08,5.417729e+01
193.90,1.710871e+16,9.561842e+11,9.277819e+08,5.428123e+01
194.00,1.750452e+16,9.734123e+11,9.323644e+08,5.438533e+01
194.10,1.790950e+16,9.909508e+11,9.369681e+08,5.448961e+01
194.20,1.832384e+16,1.008805e+12,9.415931e+08,5.459405e+01
194.30,1.874776e+16,1.026981e+12,9.462394e+08,5.469866e+01
194.40,1.918150e+16,1.045485e+12,9.509071e+08,5.480343e+01
194.50,1.962526e+16,1.064322e+12,9.555964e+08,5.490837e+01
194.60,2.007930e+16,1.083499e+12,9.603074e+08,5.501348e+01
194.70,2.054384e+16,1.103021e+12,9.650400e+08,5.511876e+01
194.80,2.101912e+16,1.122894e+12,9.697945e+08,5.522421e+01
194.90,2.150541e+16,1.143126e+12,9.745709e+08,5.532982e+01
195.00,2.200294e+16,1.163722e+12,9.793693e+08,5.543560e+01
195.10,2.251198e+16,1.184690e+12,9.841898e+08,5.554155e+01
195.20,2.303280e+16,1.206035e+12,9.890324e+08,5.564767e+01
195.30,2.356567e+16,1.227765e+12,9.938974e+08,5.575396e+01
195.40,2.411087e+16,1.249886e+12,9.987848e+08,5.586042e+01
195.50,2.466868e+16,1.272406e+12,1.003695e+09,5.596705e+01
195.60,2.523939e+16,1.295332e+12,1.008627e+09,5.607385e+01
195.70,2.582331e+16,1.318670e+12,1.013582e+09,5.618082e+01
195.80,2.642074e+16,1.342430e+12,1.018560e+09,5.628796e+01
195.90,2.703199e+16,1.366617e+12,1.023561e+09,5.639527e+01
196.00,2.765738e+16,1.391240e+12,1.028584e+09,5.650275e+01
196.10,2.829724e+16,1.416307e+12,1.033631e+09,5.661040e+01
196.20,2.895191e+16,1.441825e+12,1.038701e+09,5.671822e+01
196.30,2.962171e+16,1.467803e+12,1.043794e+09,5.682622e+01
196.40,3.030702e+16,1.494249e+12,1.048911e+09,5.693438e+01
196.50,3.100818e+16,1.521172e+12,1.054051e+09,5.704272e+01
196.60,3.172556e+16,1.548580e+12,1.059214e+09,5.715123e+01
196.70,3.245954e+16,1.576481e+12,1.064402e+09,5.725991e+01
196.80,3.321050e+16,1.604886e+12,1.069613e+09,5.736876e+01
196.90,3.397883e+16,1.633802e+12,1.074848e+09,5.747779e+01
197.00,3.476494e+16,1.663239e+12,1.080106e+09,5.758699e+01
197.10,3.556923e+16,1.693206e+12,1.085389e+09,5.769636e+01
197.20,3.639213e+16,1.723714e+12,1.090696e+09,5.780590e+01
197.30,3.723407e+16,1.754771e+12,1.096028e+09,5.791562e+01
197.40,3.809549e+16,1.786387e+12,1.101383e+09,5.802552e+01
197.50,3.897684e+16,1.818574e+12,1.106764e+09,5.813558e+01
197.60,3.987858e+16,1.851340e+12,1.112168e+09,5.824582e+01
197.70,4.080118e+16,1.884696e+12,1.117598e+09,5.835624e+01
197.80,4.174512e+16,1.918654e+12,1.123052e+09,5.846683e+01
197.90,4.271091e+16,1.953223e+12,1.128531e+09,5.857759e+01
198.00,4.369903e+16,1.988416e+12,1.134035e+09,5.868853e+01
198.10,4.471002e+16,2.024242e+12,1.139565e+09,5.879965e+01
198.20,4.574440e+16,2.060714e+12,1.145119e+09,5.891094e+01
198.30,4.680270e+16,2.097843e+12,1.150699e+09,5.902240e+01
198.40,4.788549e+16,2.135641e+12,1.156304e+09,5.913405e+01
198.50,4.899334e+16,2.174120e+12,1.161935e+09,5.924587e+01
198.60,5.012681e+16,2.213292e+12,1.167591e+09,5.935786e+01
198.70,5.128650e+16,2.253170e+12,1.173273e+09,5.947003e+01
198.80,5.247303e+16,2.293767e+12,1.178981e+09,5.958238e+01
198.90,5.368700e+16,2.335095e+12,1.184715e+09,5.969490e+01
199.00,5.492906e+16,2.377167e+12,1.190475e+09,5.980761e+01
199.10,5.619986e+16,2.419998e+12,1.196262e+09,5.992049e+01
199.20,5.750006e+16,2.463601e+12,1.202074e+09,6.003354e+01
199.30,5.883033e+16,2.507989e+12,1.207913e+09,6.014678e+01
199.40,6.019139e+16,2.553176e+12,1.213779e+09,6.026019e+01
199.50,6.158393e+16,2.599178e+12,1.219671e+09,6.037379e+01
199.60,6.300869e+16,2.646009e+12,1.225590e+09,6.048756e+01
199.70,6.446641e+16,2.693684e+12,1.231536e+09,6.060151e+01
199.80,6.595785e+16,2.742217e+12,1.237508e+09,6.071563e+01
199.90,6.748380e+16,2.791625e+12,1.243508e+09,6.082994e+01
